compte_courant,duree_emprunt_mois,historique_credit,raison,montant,compte_epargne,duree_emploi,annees_presence_logement,age,autre_credit,logement,nbre_emprunts_actuels,job,dependants,defaillant,revenufinal
0,6,0,0,1169,0,0,4.0,67.0,0,0,2,0,0,0,8135.1101404539
1,48,1,0,5951,1,1,2.0,22.0,0,0,1,0,0,1,19334.307686113894
2,12,0,1,2096,1,2,3.0,49.0,0,0,1,1,1,0,4864.954258098111
0,42,1,0,7882,1,2,4.0,45.0,0,1,1,0,1,0,22152.947349424903
0,24,2,2,4870,1,1,4.0,53.0,0,1,2,0,1,1,23900.7041442591
2,36,1,1,9055,0,1,4.0,35.0,0,1,1,1,1,0,26469.9961397297
2,24,1,0,2835,2,0,4.0,53.0,0,0,1,0,0,0,12394.514241571102
1,36,1,2,6948,1,1,2.0,35.0,0,2,1,2,0,0,15059.9071605252
2,12,1,0,3059,3,2,4.0,61.0,0,0,1,1,0,0,7763.509303174559
1,30,0,2,5234,1,3,2.0,28.0,0,0,2,2,0,1,37363.9142890886
1,12,1,2,1295,1,4,1.0,25.0,0,2,1,0,0,1,4457.18540012166
0,48,1,3,4308,1,4,4.0,24.0,0,2,1,0,0,1,19359.7713086048
1,12,1,0,1567,1,1,1.0,22.0,0,0,1,0,0,0,2617.59215892269
0,24,0,2,1199,1,0,4.0,60.0,0,0,2,1,0,1,6734.966677762071
0,15,1,2,1403,1,1,4.0,28.0,0,2,1,0,0,0,3905.386104780589
0,24,1,0,1282,4,1,2.0,32.0,0,0,1,1,0,1,6912.02869215106
2,24,0,0,2424,0,0,4.0,53.0,0,0,2,0,0,0,15459.8370802168
0,30,3,3,8072,0,4,3.0,25.0,1,0,3,0,0,0,20873.1297682626
1,24,1,2,12579,1,0,2.0,44.0,0,1,1,2,0,1,79354.5273661655
2,24,1,0,3430,2,0,2.0,31.0,0,0,1,0,1,0,17964.7216981832
2,9,0,2,2134,1,1,4.0,48.0,0,0,3,0,0,0,13512.2811526855
0,6,1,0,2647,2,1,3.0,44.0,0,2,1,0,1,0,8505.037351915269
0,10,0,2,2241,1,4,3.0,48.0,0,2,2,1,1,0,3844.257860254111
1,12,0,2,1804,4,4,4.0,44.0,0,0,1,0,0,0,7675.76130755445
2,10,0,0,2069,0,1,1.0,26.0,0,0,2,0,0,0,6092.35940561031
0,6,1,0,1374,1,1,2.0,36.0,1,0,1,1,0,0,1992.7453063075
2,6,3,0,426,1,0,4.0,39.0,0,0,1,1,0,0,1972.95253636383
3,12,4,0,409,3,1,3.0,42.0,0,2,2,0,0,0,2188.61085286844
1,7,1,0,2415,1,1,2.0,34.0,0,0,1,0,0,0,9889.28551710771
1,18,1,3,1913,3,4,3.0,36.0,1,0,1,0,0,0,8216.42927041139
0,24,1,0,4020,1,1,2.0,27.0,2,0,1,0,0,0,10580.7929486664
1,18,1,2,5866,4,1,2.0,30.0,0,0,2,0,0,0,17582.9853032277
2,12,0,3,1264,0,0,4.0,57.0,0,2,1,1,0,0,5541.989288268012
3,12,1,0,1474,1,4,1.0,33.0,1,0,1,2,0,0,8317.383728455301
1,45,0,0,4746,1,4,2.0,25.0,0,0,2,1,0,1,23798.0207675334
2,48,0,1,6110,1,1,3.0,31.0,1,1,1,0,0,0,6630.7491375903
3,18,1,0,2100,1,1,2.0,37.0,2,0,1,0,0,1,11585.3155960289
3,10,1,0,1225,1,1,2.0,37.0,0,0,1,0,0,0,3642.52327013749
1,9,1,0,458,1,1,3.0,24.0,0,0,1,0,0,0,2837.21116865334
2,30,1,0,2333,2,0,2.0,30.0,1,0,1,2,0,0,13492.3907946109
1,12,1,0,1158,2,1,1.0,26.0,0,0,1,0,0,0,5571.73724158991
1,18,2,4,6204,1,1,4.0,44.0,0,0,1,1,1,0,18258.6157975445
0,30,0,2,6187,4,2,4.0,24.0,0,2,2,0,0,0,7471.631407562959
0,48,0,2,6143,1,0,4.0,58.0,2,1,2,1,0,1,29070.6573874593
2,11,0,2,1393,1,4,4.0,35.0,0,0,2,2,0,0,7752.577975319591
2,36,1,0,2299,2,0,4.0,39.0,0,0,1,0,0,0,15309.5722615688
0,6,1,2,1352,2,3,2.0,23.0,0,2,1,3,0,0,2156.5478287827104
2,11,0,2,7228,1,1,4.0,39.0,0,0,2,1,0,0,8044.71998233428
2,12,1,0,2073,4,1,2.0,28.0,0,0,1,0,0,0,11091.3254968794
1,24,2,0,2333,0,4,2.0,29.0,1,0,1,1,0,0,15989.548350841202
1,27,2,2,5965,1,0,2.0,30.0,0,0,2,2,0,0,10027.9328460545
2,12,1,0,1262,1,1,2.0,25.0,0,0,1,0,0,0,5573.67656237053
2,18,1,2,3378,0,1,1.0,31.0,0,0,1,0,0,0,8742.1843996575
1,36,2,2,2225,1,0,4.0,57.0,1,1,2,0,0,1,10610.0467491118
2,6,4,2,783,0,1,2.0,26.0,2,0,1,1,1,0,855.840847919736
1,12,1,0,6468,0,3,1.0,52.0,0,0,1,2,0,1,16773.1990989024
2,36,0,0,9566,1,1,2.0,31.0,2,0,2,0,0,0,31688.1954599279
3,18,1,2,1961,1,0,2.0,23.0,0,0,1,2,0,0,10200.5284024879
0,36,0,0,6229,1,4,4.0,23.0,0,2,2,1,0,1,40920.0536399825
1,9,1,3,1391,1,1,1.0,27.0,1,0,1,0,0,0,4492.96036248544
1,15,0,0,1537,0,0,4.0,50.0,0,0,2,0,0,0,7517.64444039093
1,36,3,3,1953,1,0,4.0,61.0,0,1,1,2,0,1,12455.7732699572
1,48,3,3,14421,1,1,2.0,25.0,0,0,1,0,0,1,41952.819310991
2,24,1,0,3181,1,4,4.0,26.0,0,0,1,0,0,0,13398.1807795647
2,27,1,4,5190,0,0,4.0,48.0,0,0,4,0,1,0,33883.2476228769
2,12,1,0,2171,1,4,2.0,29.0,1,0,1,0,0,0,5454.82969209616
1,12,1,2,1007,3,1,1.0,22.0,0,0,1,0,0,0,5421.06122261505
2,36,1,1,1819,1,1,4.0,37.0,2,1,1,0,0,1,7718.52646631923
2,36,1,0,2394,0,1,4.0,25.0,0,0,1,0,0,0,13130.908476145902
2,36,1,2,8133,1,1,2.0,30.0,1,0,1,0,0,0,11972.9921212155
2,7,0,0,730,0,0,2.0,46.0,0,2,2,1,0,0,4974.17135407339
0,8,0,5,1164,1,0,4.0,51.0,1,1,2,2,1,0,3747.68126555512
1,42,0,3,5954,1,2,1.0,41.0,1,0,2,1,0,0,13398.8595332932
0,36,1,1,1977,0,0,4.0,40.0,0,0,1,2,0,1,10456.8879676021
0,12,0,2,1526,1,0,4.0,66.0,0,1,2,2,0,0,7624.268827734259
0,42,1,0,3965,1,4,3.0,34.0,0,0,1,0,0,1,18391.9387108946
1,11,2,0,4771,1,2,4.0,51.0,0,0,1,0,0,0,12932.3095596224
2,54,3,2,9436,0,1,2.0,39.0,0,0,1,1,1,0,23257.034760885697
1,30,1,0,3832,1,4,1.0,22.0,0,0,1,0,0,0,9165.96226019124
2,24,1,0,5943,0,4,1.0,44.0,0,0,2,0,0,1,10237.8479237722
2,15,1,0,1213,2,0,3.0,47.0,2,0,1,0,0,0,5382.31637181698
2,18,1,3,1568,4,1,4.0,24.0,0,2,1,1,0,0,5822.14099472208
0,24,1,5,1755,1,0,4.0,58.0,0,0,1,1,0,0,11153.3353354544
0,10,1,0,2315,1,0,4.0,52.0,0,0,1,1,0,0,9335.84412964482
2,12,0,3,1412,1,1,2.0,29.0,0,0,2,2,0,0,9914.4687682774
1,18,0,0,1295,1,4,1.0,27.0,0,0,2,0,0,0,5353.012107923621
1,36,1,1,12612,4,1,4.0,47.0,0,1,1,0,1,1,14209.5404932064
0,18,1,2,2249,4,2,3.0,30.0,0,0,1,2,1,0,14622.4783331187
0,12,3,4,1108,1,2,3.0,28.0,0,0,2,0,0,1,6288.421356969039
2,12,0,0,618,1,0,4.0,56.0,0,0,1,0,0,0,3125.24798613737
0,12,0,2,1409,1,0,3.0,54.0,0,0,1,0,0,0,8787.13261794479
2,12,0,0,797,0,0,3.0,33.0,1,0,1,1,1,1,5339.17187201676
3,24,0,0,3617,0,0,4.0,20.0,0,2,2,0,0,0,23933.71433321
1,12,1,2,1318,3,0,4.0,54.0,0,0,1,0,0,0,8654.518169602099
1,54,3,3,15945,1,4,4.0,58.0,0,2,1,0,0,1,59221.477379291
2,12,0,1,2012,0,2,2.0,61.0,0,0,1,0,0,0,12287.2859500522
1,18,1,3,2622,4,1,4.0,34.0,0,0,1,0,0,0,17146.7147562958
0,6,0,0,1169,0,0,4.0,67.0,0,0,2,0,0,0,7496.494787768322
0,6,0,0,1169,0,0,4.0,67.0,0,0,2,0,0,0,5316.71796016963
1,36,0,0,2337,1,0,4.0,36.0,0,0,1,0,0,0,11947.1214767645
1,20,2,2,7057,0,2,4.0,36.0,1,2,2,2,1,0,22768.9320517829
2,24,1,2,1469,4,0,4.0,41.0,0,2,1,1,0,0,8257.1928550508
1,36,1,0,2323,1,2,4.0,24.0,0,2,1,0,0,0,12680.7866637033
2,6,2,0,932,1,1,2.0,24.0,0,0,1,0,0,0,2875.93283218666
1,9,0,0,1919,1,2,3.0,35.0,0,2,1,0,0,0,9849.549147557
2,12,1,2,2445,0,4,4.0,26.0,0,2,1,0,0,0,8261.450713079692
1,24,0,2,11938,1,1,3.0,39.0,0,0,2,2,1,1,31831.1657185325
2,18,4,2,6458,1,0,4.0,39.0,1,0,2,2,1,1,18786.846582299
1,12,1,2,6078,1,2,2.0,32.0,0,0,1,0,0,0,16088.0706522584
0,24,1,0,7721,0,4,2.0,30.0,0,0,1,0,0,0,13853.6243519892
1,14,1,3,1410,2,0,2.0,35.0,0,0,1,0,0,0,1501.3250100548098
1,6,2,3,1449,4,0,2.0,31.0,1,0,2,0,1,0,2295.17120788272
3,15,1,1,392,1,4,4.0,23.0,0,2,1,0,0,0,2493.4268255679503
1,18,1,2,6260,1,2,3.0,28.0,0,2,1,1,0,0,21158.5428151566
2,36,0,2,7855,1,1,2.0,25.0,2,0,2,0,0,1,45633.0835049453
0,12,1,0,1680,2,0,1.0,35.0,0,0,1,0,0,0,7843.711474015459
2,48,0,0,3578,0,0,1.0,47.0,0,0,1,0,0,0,19146.7771222168
0,42,1,0,7174,0,2,3.0,30.0,0,0,1,2,0,1,48631.4911771704
0,10,0,0,2132,0,4,3.0,27.0,0,2,2,0,0,0,5823.82041396312
0,33,0,0,4281,2,1,4.0,23.0,0,0,2,0,0,1,5613.486798801229
1,12,0,2,2366,2,2,3.0,36.0,0,0,1,2,0,0,9903.19170421416
0,21,1,0,1835,1,1,2.0,25.0,0,0,2,0,0,1,7962.57576430413
2,24,0,2,3868,1,0,2.0,41.0,0,2,2,2,0,0,26320.2091038477
2,12,1,0,1768,1,1,2.0,24.0,0,2,1,1,0,0,5387.85632365131
3,10,0,2,781,1,0,4.0,63.0,0,1,2,0,0,0,3755.27264913457
1,18,1,0,1924,0,4,3.0,27.0,0,2,1,0,0,1,7765.150352999829
0,12,0,2,2121,1,1,2.0,30.0,0,0,2,0,0,0,10304.8750740753
0,12,1,0,701,1,1,2.0,40.0,0,0,1,1,0,0,5026.5482662395
1,12,1,4,639,1,1,2.0,30.0,0,0,1,0,0,1,4025.2924348823713
1,12,0,2,1860,1,3,2.0,34.0,0,0,2,2,0,0,11985.8846226278
0,12,0,2,3499,1,1,2.0,29.0,0,0,2,0,0,1,13880.198878096298
1,48,1,2,8487,0,2,2.0,24.0,0,0,1,0,0,0,12023.502872673302
0,36,2,1,6887,1,1,3.0,29.0,2,0,1,0,0,1,46342.5632837683
2,15,1,0,2708,1,4,3.0,27.0,1,0,2,1,0,0,8773.808699417299
2,18,1,0,1984,1,1,4.0,47.0,1,1,2,0,0,0,9997.18617957562
2,60,1,0,10144,4,2,4.0,21.0,0,0,1,0,0,0,25012.8419978988
2,12,0,0,1240,0,0,2.0,38.0,0,0,2,0,0,0,8332.968775331059
2,27,2,2,8613,3,1,2.0,27.0,0,0,2,0,0,0,18700.2224094733
1,12,1,0,766,2,1,3.0,66.0,0,0,1,1,0,1,3815.5868675040297
1,15,0,0,2728,0,2,2.0,35.0,1,0,3,0,0,0,16465.2896012632
3,12,1,0,1881,1,1,2.0,44.0,0,2,1,1,0,0,6515.97729124626
3,6,1,2,709,3,4,2.0,27.0,0,0,1,3,0,0,2356.22886191184
1,36,1,0,4795,1,4,1.0,30.0,0,0,1,2,0,0,25831.3484861772
0,27,1,0,3416,1,1,2.0,27.0,0,0,1,2,0,0,13549.6101369984
0,18,1,0,2462,1,1,2.0,22.0,0,0,1,0,0,1,6045.97801118549
2,21,0,0,2288,1,4,4.0,23.0,0,0,1,0,0,0,16190.9981956437
1,48,4,3,3566,4,2,2.0,30.0,0,0,1,0,0,0,17717.071211868002
0,6,0,2,860,1,0,4.0,39.0,0,0,2,0,0,0,1087.10066593817
2,12,0,2,682,4,2,3.0,51.0,0,0,2,0,0,0,3286.2910723755604
0,36,0,0,5371,1,1,2.0,28.0,0,0,2,0,0,0,26520.6033898341
2,18,0,0,1582,3,0,4.0,46.0,0,0,2,0,0,0,8946.776141406079
2,6,1,0,1346,4,0,4.0,42.0,1,1,1,0,1,0,3041.667593442731
2,10,1,0,1924,1,1,4.0,38.0,0,0,1,0,0,0,1972.86799708576
3,36,1,0,5848,1,1,1.0,24.0,0,0,1,0,0,0,39882.479881960295
1,24,0,2,7758,3,0,4.0,29.0,0,2,1,0,0,0,20111.5028689839
1,24,2,3,6967,4,2,4.0,36.0,0,2,1,2,0,0,48009.231568092
0,12,1,0,1282,1,1,4.0,20.0,0,2,1,0,0,1,4370.70588064487
0,9,0,4,1288,4,0,4.0,48.0,0,0,2,0,1,0,6355.8489281723
0,12,4,1,339,1,0,1.0,45.0,1,0,1,1,0,0,1774.1770937247
1,24,1,2,3512,4,2,3.0,38.0,1,0,2,0,0,0,12254.0577198158
2,6,0,0,1898,0,1,2.0,34.0,0,0,2,1,1,0,2636.27705521316
2,24,0,0,2872,4,0,4.0,36.0,0,0,1,0,1,0,14886.8543645257
2,18,0,2,1055,1,4,1.0,30.0,0,0,2,0,0,0,4504.753564180511
2,15,1,0,1262,2,2,3.0,36.0,0,0,2,0,0,0,5811.43935359489
1,10,1,2,7308,1,3,4.0,70.0,1,1,1,2,0,0,24566.7868252293
2,36,1,2,909,2,0,4.0,36.0,0,0,1,0,0,0,3892.8594834015503
2,6,1,0,2978,2,1,2.0,32.0,0,0,1,0,0,0,4540.0989762114505
0,18,1,0,1131,1,3,2.0,33.0,0,0,1,0,0,1,6677.579951627739
1,11,1,0,1577,3,4,1.0,20.0,0,0,1,0,0,0,11321.8277473224
2,24,1,0,3972,1,2,4.0,25.0,0,2,1,0,0,0,13966.7804259528
1,24,0,3,1935,1,0,4.0,31.0,0,0,2,0,0,1,9975.01412044614
0,15,3,2,950,1,0,3.0,33.0,0,2,2,0,1,1,5166.31973298206
2,12,1,0,763,1,1,1.0,26.0,0,0,1,0,0,0,4446.7233747348
1,24,2,0,2064,1,3,2.0,34.0,0,0,1,2,0,1,7245.78182469843
1,8,1,0,1414,1,1,2.0,33.0,0,0,1,0,0,0,6780.15169293174
0,21,2,1,3414,1,4,1.0,26.0,0,0,2,0,0,1,10734.4916332355
2,30,4,2,7485,0,3,1.0,53.0,1,0,1,2,0,1,35975.9193311592
0,12,1,0,2577,1,1,1.0,42.0,0,0,1,0,0,0,8948.165958990709
0,6,0,0,338,2,0,4.0,52.0,0,0,2,0,0,0,1826.93083575702
2,12,1,0,1963,1,2,2.0,31.0,0,2,2,2,1,0,13625.4805274725
0,21,0,2,571,1,0,4.0,65.0,0,0,2,0,0,0,3568.5809775236407
2,36,2,3,9572,1,4,1.0,28.0,0,0,2,0,0,1,16664.746522158
1,36,2,3,4455,1,1,2.0,30.0,2,0,2,2,0,1,13620.6859802352
0,21,4,2,1647,0,1,2.0,40.0,0,0,2,1,1,1,10033.4647276307
2,24,0,0,3777,3,1,4.0,50.0,0,0,1,0,0,0,17573.7058241421
1,18,0,2,884,1,0,4.0,36.0,1,0,1,0,1,1,4896.1347592957
2,15,0,0,1360,1,1,2.0,31.0,0,0,2,0,0,0,7847.02338656461
1,9,4,2,5129,1,0,4.0,74.0,1,1,1,2,1,1,11888.4793940476
1,16,0,2,1175,1,3,3.0,68.0,0,1,3,3,0,0,4170.44582189804
0,12,1,0,674,4,2,1.0,20.0,0,0,1,0,0,1,4295.80087734551
1,18,3,0,3244,1,1,4.0,33.0,1,0,2,0,0,0,4253.060821539179
2,24,1,3,4591,3,1,3.0,54.0,0,0,3,2,0,1,11813.6285095181
1,48,3,3,3844,4,2,4.0,34.0,0,1,1,1,1,1,17744.2522780806
1,27,1,3,3915,1,1,2.0,36.0,0,0,1,0,1,1,26392.7951063867
2,6,1,0,2108,1,2,2.0,29.0,0,2,1,0,0,0,7199.50821301996
1,45,1,0,3031,4,1,4.0,21.0,0,2,1,0,0,1,19050.344669431102
1,9,0,1,1501,1,0,3.0,34.0,0,0,2,2,0,1,3758.55295011115
2,6,0,0,1382,1,1,1.0,28.0,0,0,2,0,0,0,2447.90210925332
1,12,1,0,951,4,4,4.0,27.0,1,2,4,0,0,1,4244.37236422242
1,24,1,2,2760,0,0,4.0,36.0,1,1,1,0,0,0,15926.5598117817
1,18,2,0,4297,1,0,3.0,40.0,0,0,1,2,0,1,24464.3044442044
2,9,0,1,936,2,0,2.0,52.0,0,0,2,0,0,0,5474.39912392129
0,12,1,2,1168,1,1,3.0,27.0,0,0,1,1,0,0,6809.07164244164
2,27,2,3,5117,1,2,4.0,26.0,0,0,2,0,0,0,21687.7278004843
0,12,1,1,902,1,2,4.0,21.0,0,2,1,0,0,1,4273.451776081621
2,12,0,2,1495,1,0,1.0,38.0,0,0,2,1,1,0,10433.8423082108
0,30,0,2,10623,1,0,4.0,38.0,0,1,3,2,1,0,34755.300940246605
2,12,0,0,1935,1,0,4.0,43.0,0,0,3,0,0,0,9240.866931218392
1,12,0,0,1424,1,2,3.0,26.0,0,0,1,0,0,0,8122.52872115109
0,24,1,3,6568,1,1,2.0,21.0,2,0,1,1,0,0,14093.3184807058
2,12,1,2,1413,3,2,2.0,55.0,0,0,1,0,0,0,6483.458220382061
2,9,0,0,3074,0,1,2.0,33.0,0,0,2,0,1,0,5266.684695307879
2,36,1,0,3835,0,0,4.0,45.0,0,0,1,1,0,0,7985.802112818041
0,27,3,3,5293,1,3,4.0,50.0,2,0,2,0,0,1,10594.6401067709
3,30,2,3,1908,1,0,4.0,66.0,0,0,1,2,0,1,13655.301067916202
2,36,0,0,3342,0,0,2.0,51.0,0,0,1,0,0,0,20848.658338926
1,6,0,1,932,0,2,3.0,39.0,0,0,2,1,0,0,1047.55856436298
0,18,3,3,3104,1,2,1.0,31.0,1,0,1,0,0,0,15100.381809588
3,36,1,0,3913,1,1,2.0,23.0,0,0,1,0,0,0,12910.5312429379
0,24,1,0,3021,1,1,2.0,24.0,0,2,1,1,0,0,6069.691660183461
2,10,1,2,1364,1,1,4.0,64.0,0,0,1,0,0,0,4204.83796700245
1,12,1,0,625,1,4,1.0,26.0,1,0,1,1,0,0,2895.1389258901
0,12,1,1,1200,0,1,4.0,23.0,1,2,1,0,0,0,5112.072932751121
2,12,1,0,707,1,1,2.0,30.0,1,0,2,0,0,0,4504.38901229574
2,24,2,3,2978,0,1,4.0,32.0,0,0,2,0,1,0,17605.019947573102
2,15,1,2,4657,1,1,2.0,30.0,0,0,1,0,0,0,21734.8469609124
2,36,3,4,2613,1,1,2.0,27.0,0,0,2,0,0,0,14286.3110432774
1,48,1,0,10961,3,2,2.0,27.0,1,0,2,0,0,1,12802.8133240627
0,12,1,0,7865,1,0,4.0,53.0,0,1,1,2,0,1,52615.0547968884
2,9,1,0,1478,1,2,2.0,22.0,0,0,1,0,0,1,8388.50124960502
0,24,1,0,3149,1,4,1.0,22.0,1,1,1,0,0,0,18226.0660945863
3,36,1,0,4210,1,1,2.0,26.0,0,0,1,0,0,1,18930.4022530263
2,9,1,2,2507,2,0,4.0,51.0,0,1,1,1,0,0,6596.57329987455
2,12,1,0,2141,4,2,1.0,35.0,0,0,1,0,0,0,8349.88218995486
1,18,1,0,866,1,1,2.0,25.0,0,0,1,1,0,0,4239.21752681129
2,4,0,0,1544,1,2,1.0,42.0,0,0,3,1,1,0,4121.26369332141
0,24,1,0,1823,1,3,2.0,30.0,2,0,1,2,1,1,12901.8984390644
1,6,1,2,14555,0,3,2.0,23.0,0,0,1,3,0,1,15665.440979023
1,21,1,3,2767,4,0,2.0,61.0,1,2,2,1,0,1,13952.8004566707
2,12,0,0,1291,1,1,2.0,35.0,0,0,2,0,0,0,8465.48380958255
0,30,1,0,2522,1,0,3.0,39.0,0,0,1,0,1,0,3652.65007164389
0,24,1,2,915,0,0,2.0,29.0,1,0,1,0,0,1,4079.4843757926
2,6,1,0,1595,1,2,2.0,51.0,0,0,1,0,1,0,6706.88750617239
0,48,3,2,4605,1,0,4.0,24.0,0,1,2,0,1,1,17017.9091721131
2,12,0,3,1185,1,1,2.0,27.0,0,0,2,0,0,0,4146.29630056572
2,12,4,1,3447,2,1,3.0,35.0,0,0,1,1,1,0,18085.1589107743
2,24,1,3,1258,1,2,1.0,25.0,0,0,1,0,0,0,5085.15970163372
2,12,0,0,717,1,0,4.0,52.0,0,0,3,0,0,0,4050.585392707079
2,6,3,2,1204,4,1,1.0,35.0,1,2,1,0,0,0,6688.12769168565
3,24,1,0,1925,1,1,2.0,26.0,0,0,1,0,0,0,5733.440010041801
2,18,1,0,433,1,3,4.0,22.0,0,2,1,0,0,1,1493.82389873356
0,6,0,2,666,3,2,4.0,39.0,0,0,2,1,0,0,2021.5040222781304
3,12,1,0,2251,1,1,2.0,46.0,0,0,1,1,0,0,2949.43139285057
1,30,1,2,2150,1,1,2.0,24.0,1,0,1,0,0,1,11742.7972727303
2,24,2,0,4151,4,1,3.0,35.0,0,0,2,0,0,0,12876.2034699903
1,9,1,0,2030,0,2,1.0,24.0,0,0,1,0,0,0,5634.83638864323
1,60,2,0,7418,0,1,1.0,27.0,0,0,1,1,0,0,8922.07211110872
2,24,0,0,2684,1,1,2.0,35.0,0,0,2,1,0,0,11927.2312113338
0,12,4,0,2149,1,1,1.0,29.0,0,1,1,0,0,1,9831.50635498132
2,15,1,2,3812,4,4,4.0,23.0,0,0,1,0,0,0,5002.16801497955
2,11,0,0,1154,4,3,4.0,57.0,0,0,3,1,0,0,6037.50393276371
0,12,1,0,1657,1,1,2.0,27.0,0,0,1,0,0,0,5763.131759558381
0,24,1,0,1603,1,0,4.0,55.0,0,0,1,0,0,0,10822.7802926815
0,18,0,2,5302,1,0,4.0,36.0,0,1,3,2,0,0,10977.2286122067
2,12,0,1,2748,1,0,4.0,57.0,1,1,3,1,0,0,6841.81742371334
2,10,0,2,1231,1,0,4.0,32.0,0,0,2,1,1,0,5847.3397226217785
1,15,1,0,802,1,0,3.0,37.0,0,0,1,0,1,1,3729.188223198
2,36,0,3,6304,0,0,4.0,36.0,0,0,2,0,0,0,38952.0529347381
2,24,1,0,1533,1,4,3.0,38.0,2,0,1,0,0,0,6308.44971400619
0,14,1,2,8978,1,0,4.0,45.0,0,0,1,2,0,1,11627.8012141241
2,24,1,0,999,0,0,2.0,25.0,0,0,2,0,0,0,6312.77505196563
2,18,1,2,2662,0,2,3.0,32.0,0,0,1,0,0,0,14541.3497131385
2,12,0,0,1402,2,2,4.0,37.0,0,2,1,0,0,0,5686.60544676963
1,48,4,2,12169,0,3,4.0,36.0,0,1,1,2,0,0,74065.3069697508
1,48,1,0,3060,1,2,4.0,28.0,0,0,2,0,0,1,16327.2547423798
0,30,1,4,11998,1,4,1.0,34.0,0,0,1,1,0,1,16664.5597661858
2,9,1,0,2697,1,1,2.0,32.0,0,0,1,0,1,0,4124.8076277049295
2,18,0,0,2404,1,1,2.0,26.0,0,0,2,0,0,0,7015.1039153477
0,12,1,0,1262,0,0,4.0,49.0,0,0,1,1,0,0,2576.2529560798
2,6,1,0,4611,1,4,4.0,32.0,0,0,1,0,0,1,5096.33493403428
2,24,1,0,1901,4,1,4.0,29.0,0,2,1,2,0,0,11320.2451100623
2,15,0,2,3368,3,0,4.0,23.0,0,2,2,0,0,0,16944.747448765
2,12,1,0,1574,1,1,2.0,50.0,0,0,1,0,0,0,9164.79102614837
3,18,4,0,1445,0,2,4.0,49.0,1,0,1,1,0,0,7187.97010132106
2,15,0,0,1520,0,0,4.0,63.0,0,0,1,0,0,0,9199.71467738759
1,24,0,2,3878,4,4,2.0,37.0,0,0,1,0,0,0,25950.1049449282
0,47,1,2,10722,1,4,1.0,35.0,0,0,1,1,0,0,16465.6621918429
0,48,1,2,4788,1,2,3.0,26.0,0,0,1,0,1,0,25444.064588791804
1,48,2,5,7582,4,3,4.0,31.0,0,1,1,2,0,0,20826.7250575074
1,12,1,0,1092,1,1,4.0,49.0,0,0,2,0,0,0,6746.2277039399205
0,24,2,0,1024,1,4,4.0,48.0,2,0,1,0,0,1,4941.37689219885
2,12,1,3,1076,1,1,2.0,26.0,0,0,1,0,0,0,2355.52335594362
1,36,1,2,9398,1,4,4.0,28.0,0,2,1,2,0,1,16327.3934649671
0,24,0,2,6419,1,0,4.0,44.0,0,1,2,2,1,0,17681.094791326497
3,42,0,2,4796,1,0,4.0,56.0,0,1,1,0,0,0,20309.8664545898
2,48,0,3,7629,0,0,2.0,46.0,1,0,2,2,1,0,44973.3795093358
1,48,1,0,9960,1,4,2.0,26.0,0,0,1,0,0,1,12920.2163104924
2,6,0,0,1382,1,1,1.0,28.0,0,0,2,0,0,0,1965.33218121028
2,6,0,0,1382,1,1,1.0,28.0,0,0,2,0,0,0,1575.8585923723
2,6,0,0,1382,1,1,1.0,28.0,0,0,2,0,0,0,2048.97025683643
2,12,1,2,4675,0,4,4.0,20.0,0,2,1,0,0,0,7018.63960221921
2,10,1,2,1287,0,0,2.0,45.0,0,0,1,1,0,0,7428.27960822178
2,18,1,0,2515,1,1,4.0,43.0,0,0,1,0,0,0,13076.0422898167
1,21,0,0,2745,3,2,2.0,32.0,0,0,2,0,0,0,13277.5215938022
2,6,1,2,672,1,3,4.0,54.0,0,0,1,3,0,0,1205.64841267413
1,36,3,0,3804,1,1,1.0,42.0,0,0,1,0,0,1,21656.9309332639
3,24,0,2,1344,0,2,2.0,37.0,1,0,2,1,1,1,7683.872153541959
0,10,0,2,1038,1,2,3.0,49.0,0,0,2,0,0,0,5471.55768756012
2,48,0,2,10127,2,1,2.0,44.0,1,1,1,0,0,1,31957.902731545
2,6,1,0,1543,3,1,2.0,33.0,0,0,1,0,0,0,10348.9712018688
2,30,1,2,4811,0,2,4.0,24.0,2,2,1,1,0,0,15241.2918215153
0,12,1,0,727,4,4,3.0,33.0,0,0,1,1,0,1,4523.21628243997
1,8,1,0,1237,1,1,4.0,24.0,0,0,1,0,0,1,6393.95048714929
1,9,1,2,276,1,1,4.0,22.0,0,2,1,1,0,0,1969.8484050473
1,48,1,5,5381,0,3,4.0,40.0,1,1,1,3,0,0,25053.1582671842
2,24,1,0,5511,4,1,1.0,25.0,2,0,1,0,0,0,30852.5371039116
3,24,1,0,3749,1,4,4.0,26.0,0,0,1,0,0,0,9495.72661569355
1,12,1,2,685,1,2,3.0,25.0,1,0,1,1,0,1,1821.99879122573
3,4,1,2,1494,0,4,2.0,29.0,0,0,1,1,1,0,1786.49398428133
0,36,4,0,2746,1,0,4.0,31.0,1,0,1,0,0,1,15843.4725950025
0,12,1,0,708,1,1,3.0,38.0,0,0,1,1,1,0,1776.7512518089602
1,24,1,0,4351,0,1,4.0,48.0,0,0,1,1,0,0,6417.593292678471
2,12,0,1,701,1,1,2.0,32.0,0,0,2,0,0,0,4093.3785703571
0,15,2,0,3643,1,0,4.0,27.0,0,0,2,1,0,0,4554.15727460437
1,30,0,2,4249,1,3,2.0,28.0,0,0,2,2,0,1,24399.8857648508
0,24,1,0,1938,1,4,3.0,32.0,0,0,1,0,0,1,12549.366521021298
0,24,1,2,2910,1,2,1.0,34.0,0,1,1,2,0,0,5839.42739326109
0,18,1,0,2659,3,1,2.0,28.0,0,0,1,0,0,0,13963.8900032697
2,18,0,2,1028,1,1,3.0,36.0,0,0,2,0,0,0,6350.97411030104
0,8,0,2,3398,1,2,4.0,39.0,0,0,2,1,0,0,5124.1686522745285
2,12,0,0,5801,0,0,4.0,49.0,0,2,1,0,0,0,20725.8983469648
2,24,1,2,1525,3,2,3.0,34.0,0,0,1,0,1,0,10924.011646918
3,36,1,0,4473,1,0,2.0,31.0,0,0,1,0,0,0,25584.737593503
1,6,1,0,1068,1,0,4.0,28.0,0,0,1,0,1,0,6078.706223419809
0,24,0,2,6615,1,3,4.0,75.0,0,1,2,2,0,0,23153.8421962854
2,18,0,1,1864,4,1,2.0,30.0,0,0,2,0,0,1,7589.323655871
1,60,1,2,7408,4,4,2.0,24.0,0,0,1,2,0,1,31895.575002434303
2,48,0,2,11590,4,1,4.0,24.0,1,2,2,1,0,1,24128.4636796009
0,24,3,0,4110,1,0,4.0,23.0,1,2,2,0,1,1,19440.2039017346
0,6,0,0,3384,1,1,4.0,44.0,0,2,1,2,0,1,5601.68840982022
1,13,1,0,2101,1,4,4.0,23.0,0,0,1,1,0,0,4329.304706868689
0,15,1,0,1275,0,1,2.0,24.0,0,2,1,0,0,1,7095.79992952332
0,24,1,0,4169,1,1,4.0,28.0,0,0,1,0,0,0,22641.6344541687
1,10,1,0,1521,1,1,2.0,31.0,0,0,1,1,0,0,10024.8785475369
1,24,0,1,5743,1,4,4.0,24.0,0,1,2,0,0,0,14504.2976390263
0,21,1,0,3599,1,2,4.0,26.0,0,2,1,1,0,0,4154.37614336515
1,18,1,0,3213,2,4,3.0,25.0,0,2,1,0,0,0,3769.24781862693
1,18,1,3,4439,1,0,1.0,33.0,1,0,1,2,0,0,6738.38433364952
3,10,1,2,3949,1,4,1.0,37.0,0,0,1,1,1,0,5453.25929174299
2,15,0,0,1459,1,1,2.0,43.0,0,0,1,1,0,0,5898.31117352183
1,13,0,0,882,1,4,4.0,23.0,0,0,2,0,0,0,3976.7032117942094
1,24,1,0,3758,2,3,4.0,23.0,0,2,1,3,0,0,3842.0277301463
2,6,2,3,1743,4,1,2.0,34.0,0,0,2,1,0,0,2754.4053810824603
1,9,0,1,1136,3,0,3.0,32.0,0,1,2,0,1,1,6270.506710326579
2,9,1,0,1236,1,4,4.0,23.0,0,2,1,0,0,0,1622.30538552139
1,9,1,0,959,1,1,2.0,29.0,0,0,1,0,0,1,1113.36609844749
2,18,0,2,3229,0,3,4.0,38.0,0,0,1,2,0,0,8009.861840032429
0,12,3,0,6199,1,1,2.0,28.0,0,2,2,0,0,1,44450.07144545679
2,10,1,1,727,2,0,4.0,46.0,0,1,1,0,0,0,4264.45800473526
1,24,1,2,1246,1,4,2.0,23.0,2,0,1,1,0,1,8186.131406027271
2,12,0,0,2331,0,0,4.0,49.0,0,0,1,0,0,0,3429.75029148812
2,36,2,0,4463,1,1,2.0,26.0,0,0,2,2,0,1,21160.7538746276
2,12,1,0,776,1,1,2.0,28.0,0,0,1,0,0,0,3265.87552074497
0,30,1,0,2406,1,2,4.0,23.0,0,2,1,0,0,1,12932.9588811981
1,18,1,1,1239,0,1,4.0,61.0,0,1,1,0,0,0,7407.43308352812
3,12,1,0,3399,0,0,3.0,37.0,0,0,1,2,0,0,10847.6169137248
3,12,2,2,2247,1,1,2.0,36.0,2,0,2,0,0,0,6215.77592833491
2,6,1,0,1766,1,1,2.0,21.0,0,2,1,0,0,0,1804.7176453315
0,18,1,0,2473,1,3,1.0,25.0,0,0,1,3,0,1,15678.338830846102
2,12,1,3,1542,1,2,4.0,36.0,0,0,1,0,0,0,3596.64452764675
2,18,0,2,3850,1,2,1.0,27.0,0,0,2,0,0,0,16172.8773788804
0,18,1,0,3650,1,4,4.0,22.0,0,2,1,0,0,0,4234.649191958471
0,36,1,0,3446,1,0,2.0,42.0,0,0,1,0,1,1,17171.326777044
1,18,1,0,3001,1,2,4.0,40.0,0,2,1,0,0,0,7747.378243976032
2,36,1,2,3079,0,1,4.0,36.0,0,0,1,0,0,0,17508.0598548176
2,18,0,0,6070,1,0,4.0,33.0,0,0,2,0,0,0,24350.574872514902
2,10,0,0,2146,1,4,3.0,23.0,0,2,2,0,0,0,3696.87225672845
2,60,0,2,13756,0,0,4.0,63.0,1,1,1,2,0,0,46952.5929765489
1,60,4,5,14782,4,0,4.0,60.0,1,1,2,2,0,1,66259.61316128599
0,48,4,3,7685,1,2,4.0,37.0,0,2,1,0,0,1,21404.7851471874
2,18,2,0,2320,1,3,3.0,34.0,0,0,2,0,0,0,7642.4971951738
2,7,2,0,846,0,0,4.0,36.0,0,1,1,0,0,0,3511.2128127827195
1,36,1,2,14318,1,0,2.0,57.0,0,1,1,2,0,1,67264.542618848
2,6,0,2,362,4,1,4.0,52.0,0,0,2,1,0,0,1540.91871910022
0,20,1,0,2212,0,2,4.0,39.0,0,0,1,0,0,0,9634.51516144793
1,18,1,2,12976,1,3,4.0,38.0,0,1,1,2,0,1,68256.6905783895
2,22,1,2,1283,0,2,4.0,25.0,0,2,1,0,0,0,6343.31850931582
3,12,1,2,1330,1,4,1.0,26.0,0,0,1,0,0,0,5333.7143628048
2,30,2,3,4272,4,1,2.0,26.0,0,0,2,1,0,0,11179.9547052892
2,18,0,0,2238,1,1,1.0,25.0,0,0,2,0,0,0,6540.10944690813
2,18,1,0,1126,0,4,2.0,21.0,0,2,1,0,0,0,7556.98715916458
1,18,0,0,7374,1,3,4.0,40.0,2,0,2,2,0,0,33277.6008890516
1,15,0,3,2326,2,1,4.0,27.0,1,0,1,0,0,0,6686.38767417506
2,9,1,3,1449,1,2,2.0,27.0,0,0,2,0,0,0,5420.38335866268
2,18,1,2,1820,1,1,2.0,30.0,0,0,1,2,0,0,6523.65286535159
1,12,1,0,983,3,4,4.0,19.0,0,2,1,1,0,0,1611.87771161711
0,36,1,2,3249,1,2,4.0,39.0,1,1,1,2,1,0,10863.647452784
0,6,0,0,1957,1,2,4.0,31.0,0,0,1,0,0,0,2474.32874386401
2,9,0,0,2406,1,3,3.0,31.0,0,0,1,2,0,0,7312.60672553952
1,39,2,1,11760,4,2,3.0,32.0,0,2,1,0,0,0,38720.5270772731
0,12,1,0,2578,1,3,4.0,55.0,0,1,1,2,0,0,13284.3404992616
0,36,0,0,2348,1,1,2.0,46.0,0,0,2,0,0,0,8689.13343988869
1,12,1,2,1223,1,0,1.0,46.0,0,2,2,0,0,1,1322.77818743304
2,24,0,0,1516,3,1,1.0,43.0,0,0,2,1,0,0,6650.0661860865
2,18,1,0,1473,1,4,4.0,39.0,0,0,1,0,0,0,4638.3444304808
1,18,0,3,1887,0,1,4.0,28.0,1,0,2,0,0,0,9848.18581743885
2,24,2,3,8648,1,4,2.0,27.0,1,0,2,0,0,1,19401.4857479288
2,14,2,2,802,1,1,2.0,27.0,0,0,2,1,0,0,4665.49151563365
1,18,2,2,2899,0,0,4.0,43.0,0,0,1,0,1,0,13973.8869942877
1,24,1,0,2039,1,4,1.0,22.0,0,0,1,0,0,1,3164.4228080066305
2,24,0,2,2197,0,2,4.0,43.0,0,0,2,0,1,0,15764.3442389994
0,15,1,0,1053,1,4,2.0,27.0,0,0,1,0,0,0,5556.550232197729
2,24,1,0,3235,2,0,2.0,26.0,0,0,1,2,0,0,14169.4968740018
3,12,0,2,939,2,2,2.0,28.0,0,0,3,0,0,1,6508.43784739293
1,24,1,0,1967,1,0,4.0,20.0,0,0,1,0,0,0,8104.40995750147
2,33,0,2,7253,1,2,2.0,35.0,0,0,2,2,0,0,29582.9198729692
2,12,0,3,2292,1,3,2.0,42.0,2,0,2,2,0,1,12788.5159970424
2,10,1,2,1597,2,1,2.0,40.0,0,2,1,1,1,0,5388.80711770958
0,24,1,2,1381,0,1,2.0,35.0,0,0,1,0,0,1,7345.523391373721
2,36,0,2,5842,1,0,2.0,35.0,0,0,2,0,1,0,19417.6237590822
0,12,1,2,2579,1,4,1.0,33.0,0,0,1,1,1,1,17222.9527598702
0,18,2,1,8471,0,1,2.0,23.0,0,2,2,0,0,0,11287.6406415748
2,21,1,2,2782,2,2,2.0,31.0,1,0,1,2,0,0,4500.42186713767
1,18,1,2,1042,0,1,2.0,33.0,0,0,1,0,0,1,6584.997073489
2,15,1,2,3186,3,2,3.0,20.0,0,2,1,0,0,0,11443.0815570287
1,12,1,2,2028,0,1,2.0,30.0,0,0,1,0,0,0,14380.7008736143
1,12,0,2,958,1,2,3.0,47.0,0,0,2,1,1,0,3070.0666809352697
2,21,2,0,1591,4,2,3.0,34.0,0,0,2,2,0,0,9327.33884773429
1,12,1,0,2762,0,0,2.0,25.0,1,0,1,0,0,1,3603.33396443881
1,18,1,2,2779,1,1,3.0,21.0,0,2,1,0,0,0,3404.88271094711
2,28,0,0,2743,1,0,2.0,29.0,0,0,2,0,0,0,18073.7323430469
2,18,0,0,1149,3,1,3.0,46.0,0,0,2,0,0,0,8113.5103922763
2,9,1,0,1313,1,0,4.0,20.0,0,0,1,0,0,0,1440.5145712016904
0,18,0,4,1190,1,3,4.0,55.0,0,1,3,3,1,1,3057.03722325984
2,5,1,3,3448,1,2,4.0,74.0,0,0,1,1,0,0,3972.68016672406
1,24,1,5,11328,1,1,3.0,29.0,1,0,2,2,0,1,23672.9015646662
0,6,0,0,1872,1,3,4.0,36.0,0,1,3,2,0,0,12756.862084158602
2,24,0,4,2058,1,1,2.0,33.0,0,0,2,0,0,0,9059.1153496111
0,9,1,0,2136,1,1,2.0,25.0,0,0,1,0,0,0,10685.9732791781
1,12,1,0,1484,0,1,1.0,25.0,0,0,1,0,0,1,4934.17646647108
2,6,1,4,660,2,2,4.0,23.0,0,2,1,1,0,0,1902.8555550490696
2,24,0,2,1287,3,0,4.0,37.0,0,0,2,0,0,0,6652.80779588807
0,42,0,4,3394,1,3,4.0,65.0,0,0,2,3,0,0,22786.1139537594
3,12,4,3,609,1,4,1.0,26.0,0,0,1,3,0,1,3544.9086203444604
2,12,1,2,1884,1,0,4.0,39.0,0,0,1,2,0,0,11926.6419801122
0,12,1,0,1620,1,1,3.0,30.0,0,0,1,0,0,0,4073.9540807886
1,20,2,5,2629,1,1,3.0,29.0,1,0,2,0,0,0,8948.37597428377
2,12,1,1,719,1,0,4.0,41.0,1,0,1,1,1,1,4964.48699586655
1,48,0,0,5096,1,1,3.0,30.0,0,0,1,2,0,1,11985.9858723248
2,9,0,1,1244,0,0,4.0,41.0,0,2,2,1,0,0,5126.48843906584
0,36,1,2,1842,1,4,4.0,34.0,0,0,1,0,0,1,9640.564232932242
1,7,1,0,2576,1,1,2.0,35.0,0,0,1,0,0,0,5192.47864634562
3,12,1,0,1424,0,0,4.0,55.0,0,0,1,2,0,0,5743.91932759647
1,15,2,4,1512,3,1,3.0,61.0,2,0,2,0,0,1,7346.194656109591
2,36,0,2,11054,0,1,2.0,30.0,0,0,1,2,0,0,50137.8592311664
2,6,1,0,518,1,1,1.0,29.0,0,0,1,0,0,0,2328.37386415361
2,12,3,0,2759,1,0,4.0,34.0,0,0,2,0,0,0,8795.31980446667
2,24,1,2,2670,1,0,4.0,35.0,0,0,1,2,0,0,14362.9033575544
0,24,1,2,4817,1,2,3.0,31.0,0,0,1,0,0,1,11275.234567868798
2,24,1,2,2679,1,4,1.0,29.0,0,0,1,2,0,0,11171.2839601469
0,11,0,2,3905,1,1,2.0,36.0,0,2,2,0,1,0,11038.7067386833
0,12,1,2,3386,1,0,4.0,35.0,0,1,1,0,0,1,14441.0585346826
0,6,1,0,343,1,4,1.0,27.0,0,0,1,0,0,0,1951.3153188128
2,18,1,0,4594,1,4,2.0,32.0,0,0,1,0,0,0,23073.2696889079
0,36,1,0,3620,1,1,2.0,37.0,0,0,1,0,1,0,4091.10132274837
0,15,1,2,1721,1,4,3.0,36.0,0,0,1,0,0,0,5098.88569203364
1,12,1,0,3017,1,4,1.0,34.0,0,2,1,2,0,0,16225.0845476956
1,12,1,1,754,0,0,4.0,38.0,0,0,2,0,0,0,3257.92761424557
2,18,1,3,1950,1,2,1.0,34.0,2,0,2,0,0,0,12324.9814482804
0,24,1,2,2924,1,1,4.0,63.0,1,0,1,0,1,0,11429.795383878798
0,24,2,0,1659,1,4,2.0,29.0,0,2,1,1,0,1,9397.6785522678
2,48,2,0,7238,0,0,3.0,32.0,1,0,2,0,1,0,36243.2031172795
2,33,2,3,2764,1,1,2.0,26.0,0,0,2,0,0,0,9184.57884724974
2,24,2,2,4679,1,2,3.0,35.0,0,0,2,1,0,0,23858.5721989754
1,24,1,0,3092,4,4,2.0,22.0,0,2,1,0,0,1,11548.7698327074
0,6,1,1,448,1,4,4.0,23.0,0,0,1,0,0,1,3074.87143396107
0,9,1,2,654,1,1,3.0,28.0,0,0,1,1,0,1,2884.5683831294
2,6,1,1,1238,0,3,4.0,36.0,0,0,1,2,1,0,8299.8990806155
1,18,0,0,1245,1,1,2.0,33.0,0,0,1,0,0,1,5555.40727283406
0,18,3,0,3114,1,4,4.0,26.0,0,2,1,0,0,1,3185.96157800515
2,39,1,2,2569,2,1,4.0,24.0,0,0,1,0,0,0,13302.8625509115
3,24,1,0,5152,1,2,2.0,25.0,1,0,1,0,0,0,28077.9669112549
1,12,1,3,1037,4,2,4.0,39.0,0,0,1,1,0,0,4272.33368890378
0,15,0,0,1478,1,0,4.0,44.0,0,0,2,0,1,0,10227.4886796218
1,12,0,0,3573,1,1,1.0,23.0,0,0,1,1,0,0,6328.899966634879
1,24,1,2,1201,1,4,1.0,26.0,0,0,1,0,0,0,7674.52442059102
0,30,1,0,3622,3,0,4.0,57.0,0,2,2,0,0,0,20884.4263681735
2,15,2,0,960,3,2,2.0,30.0,0,0,2,0,0,0,4716.18387772894
2,12,0,2,1163,2,1,4.0,44.0,0,0,1,0,0,0,7627.765971022642
1,6,2,2,1209,1,3,4.0,47.0,0,0,1,2,0,1,7208.50930615458
2,12,1,0,3077,1,1,4.0,52.0,0,0,1,0,0,0,9024.53648571686
2,24,1,2,3757,1,0,4.0,62.0,0,1,1,0,0,0,16365.4739269321
2,10,1,2,1418,4,1,2.0,35.0,0,2,1,1,0,0,4317.7229091196505
2,6,1,2,3518,1,1,3.0,26.0,0,2,1,0,0,0,11732.5090901987
2,12,0,0,1934,1,0,2.0,26.0,0,0,2,0,0,0,6277.260840015179
1,27,3,3,8318,1,0,4.0,42.0,0,1,2,2,0,1,17624.156684274498
2,6,0,0,1237,4,1,1.0,27.0,0,0,2,0,0,0,1275.02832419305
1,6,1,0,368,0,0,4.0,38.0,0,0,1,0,0,0,1791.40105759548
1,6,1,0,368,0,0,4.0,38.0,0,0,1,0,0,0,2541.9322789939
0,12,0,2,2122,1,1,2.0,39.0,0,2,2,1,1,0,6918.60932713781
1,6,1,0,368,0,0,4.0,38.0,0,0,1,0,0,0,2122.81703804984
0,24,1,0,2996,0,1,4.0,20.0,0,0,1,0,0,1,6269.50984370341
1,36,1,0,9034,4,4,1.0,29.0,0,2,1,2,0,1,58195.4756432556
2,24,0,0,1585,1,2,3.0,40.0,0,0,2,0,0,0,6817.43691703697
1,18,1,0,1301,1,0,2.0,32.0,0,0,1,1,0,0,8154.43412334493
3,6,0,2,1323,4,0,4.0,28.0,0,0,2,0,1,0,3209.89907498078
0,24,1,2,3123,1,4,1.0,27.0,0,0,1,0,0,1,18660.1842228168
0,36,1,2,5493,1,0,4.0,42.0,0,1,1,0,1,0,19171.1735799591
3,9,1,0,1126,4,0,4.0,49.0,0,0,1,0,0,0,3102.00701926507
1,24,0,0,1216,4,4,4.0,38.0,1,0,2,0,1,1,6650.13010914497
0,24,1,2,1207,1,4,4.0,24.0,0,2,1,0,0,1,7416.857793328158
2,10,1,2,1309,0,1,4.0,27.0,0,0,1,1,0,1,6216.87097962016
3,15,0,2,2360,2,1,2.0,36.0,0,0,1,0,0,0,7238.677884694359
1,15,4,2,6850,4,3,2.0,34.0,0,0,1,2,1,1,11744.9787986451
2,24,1,0,1413,1,1,2.0,28.0,0,0,1,0,0,0,7628.8006788413
2,39,1,2,8588,4,0,2.0,45.0,0,0,1,2,0,0,60482.8213458376
0,12,1,2,759,1,2,2.0,26.0,0,0,1,0,0,1,5309.09429446719
2,36,1,2,4686,1,1,2.0,32.0,0,1,1,2,0,0,14446.0786558709
3,15,1,3,2687,1,2,4.0,26.0,0,2,1,0,0,0,5899.562245922492
1,12,2,0,585,1,1,4.0,20.0,0,2,2,0,0,0,4127.5677895258505
2,24,1,2,2255,0,4,1.0,54.0,0,0,1,0,0,0,9352.82421707432
0,6,0,2,609,1,2,3.0,37.0,0,0,2,0,0,0,3038.59879659747
0,6,0,2,1361,1,4,4.0,40.0,0,0,1,1,1,0,2783.353694232391
2,36,0,0,7127,1,4,4.0,23.0,0,2,2,0,0,1,17875.879727877702
0,6,1,2,1203,4,0,2.0,43.0,0,0,1,0,0,0,3621.3154118735297
2,6,0,0,700,0,0,4.0,36.0,0,1,2,0,0,0,3988.328229737311
2,24,0,4,5507,1,0,4.0,44.0,0,1,2,0,0,0,25479.1148899272
0,18,1,0,3190,1,1,2.0,24.0,0,0,1,0,0,1,7171.7188883729405
0,48,3,0,7119,1,1,4.0,53.0,0,1,2,0,1,1,37249.1864501468
2,24,1,2,3488,4,2,4.0,23.0,0,0,1,0,0,0,10710.7863607417
1,18,1,0,1113,1,1,4.0,26.0,0,0,1,1,1,0,6112.249947021999
1,26,1,2,7966,1,4,3.0,30.0,0,0,2,0,0,0,17820.5152641123
2,15,0,1,1532,4,1,3.0,31.0,0,0,1,0,0,0,8506.36913501357
2,4,0,0,1503,1,2,1.0,42.0,0,0,2,1,1,0,3669.912893127079
0,36,1,0,2302,1,1,4.0,31.0,0,2,1,0,0,1,14674.4399844527
0,6,1,2,662,1,4,4.0,41.0,0,0,1,1,1,0,2351.06615271424
1,36,1,1,2273,1,2,1.0,32.0,0,0,2,0,1,0,9039.38646068186
1,15,1,2,2631,4,1,4.0,28.0,0,2,2,0,0,1,6137.02850293801
2,12,2,2,1503,1,1,4.0,41.0,0,2,1,0,0,0,8800.644777777281
2,24,1,0,1311,4,2,3.0,26.0,0,0,1,0,0,0,7795.4835317597
2,24,1,0,3105,0,4,2.0,25.0,0,0,2,0,0,0,15056.3959272784
3,21,0,1,2319,1,4,1.0,33.0,0,2,1,0,0,1,5372.83267275622
0,6,1,2,1374,0,3,3.0,75.0,0,0,1,2,0,0,8032.33167807221
1,18,0,0,3612,1,0,4.0,37.0,0,0,1,0,0,0,14361.3331637297
0,48,1,2,7763,1,0,4.0,42.0,1,1,1,2,0,1,49303.091119526114
3,18,1,0,3049,1,4,1.0,45.0,2,0,1,1,0,0,3144.75136836251
1,12,1,0,1534,1,4,1.0,23.0,0,2,1,0,0,1,1791.45497859201
2,24,2,2,2032,1,0,4.0,60.0,0,1,2,0,0,0,10837.158367519
0,30,1,0,6350,0,0,4.0,31.0,0,0,1,0,0,1,44305.3886367538
3,18,1,0,2864,1,1,1.0,34.0,0,0,1,1,1,1,8013.229382554409
2,12,0,2,1255,1,0,4.0,61.0,0,0,2,1,0,0,7186.821199533941
0,24,2,2,1333,1,3,2.0,43.0,0,1,2,0,1,1,7603.095234269241
2,24,0,2,2022,1,1,4.0,37.0,0,0,1,0,0,0,12592.0713578395
2,24,1,0,1552,1,2,1.0,32.0,1,0,1,0,1,0,6392.1299589453
0,12,4,0,626,1,1,4.0,24.0,1,0,1,1,0,1,2983.94019966182
2,48,0,2,8858,0,2,1.0,35.0,0,1,2,0,0,0,21440.592949134498
2,12,0,4,996,0,2,4.0,23.0,0,0,2,0,0,0,5167.61397087081
2,6,4,0,1750,2,0,4.0,45.0,1,0,1,1,1,0,4886.7009480513
0,48,1,0,6999,1,2,1.0,34.0,0,0,2,0,0,1,11247.603557006
1,12,0,2,1995,4,4,1.0,27.0,0,0,1,0,0,0,10161.4423819142
1,9,1,1,1199,1,2,4.0,67.0,0,0,2,2,0,0,5648.960184067701
1,12,1,0,1331,1,4,1.0,22.0,2,0,1,0,0,1,4761.39604537827
1,18,3,2,2278,4,4,3.0,28.0,0,0,2,0,0,1,7769.823804990799
2,21,3,2,5003,0,1,4.0,29.0,1,0,2,0,0,1,5812.827381757529
0,24,4,0,3552,1,2,4.0,27.0,1,0,1,0,0,1,13622.1271522902
1,18,0,0,1928,1,4,2.0,31.0,0,0,2,1,0,1,4442.46693756687
0,24,1,2,2964,0,0,4.0,49.0,1,1,1,0,1,0,13326.717669802
0,24,4,0,1546,1,2,4.0,24.0,1,2,1,1,0,1,6296.51702470136
3,6,2,0,683,1,4,1.0,29.0,1,0,1,0,0,0,2147.8664631932693
1,36,1,2,12389,0,1,4.0,37.0,0,1,1,0,0,1,16901.6585611751
1,24,2,3,4712,0,1,2.0,37.0,1,0,2,2,0,0,24144.0697536923
1,24,2,0,1553,4,2,2.0,23.0,0,2,2,0,0,0,5194.64337196419
0,12,1,2,1372,1,2,3.0,36.0,0,0,1,0,0,1,4050.1914680952295
2,24,0,0,2578,3,0,2.0,34.0,0,0,1,0,0,0,8669.31014765587
1,48,1,0,3979,0,2,1.0,41.0,0,0,2,0,1,0,17658.8656501683
0,48,1,0,6758,1,1,2.0,31.0,0,0,1,0,0,1,32214.1042617584
0,24,1,0,3234,1,4,4.0,23.0,0,2,1,1,0,1,14054.7365797413
2,30,0,0,5954,1,2,2.0,38.0,0,0,1,0,0,0,18037.434638348
2,24,1,2,5433,0,3,4.0,26.0,0,2,1,2,0,0,17290.617438596
0,15,1,3,806,1,1,4.0,22.0,0,0,1,1,0,0,5269.69722879687
1,9,1,0,1082,1,0,4.0,27.0,0,0,2,1,0,0,6565.87294527276
2,15,0,0,2788,1,2,3.0,24.0,1,0,2,0,0,0,6599.53402083959
1,12,1,0,2930,1,2,1.0,27.0,0,0,1,0,0,0,7717.93794308862
2,24,0,1,1927,0,1,2.0,33.0,0,0,2,0,0,0,9922.03070782861
1,36,0,2,2820,1,4,4.0,27.0,0,0,2,0,0,1,19392.1295170473
2,24,1,1,937,1,4,3.0,27.0,0,0,2,1,0,0,4671.7918891218
1,18,0,2,1056,1,0,3.0,30.0,1,0,2,0,0,1,5189.12922810853
1,12,0,2,3124,1,4,3.0,49.0,1,0,2,1,1,0,3921.35837295546
2,9,1,0,1388,1,1,2.0,26.0,0,2,1,0,0,0,8509.92202338563
1,36,1,4,2384,1,4,1.0,33.0,0,2,1,1,0,1,13957.6800993673
2,12,1,2,2133,0,0,4.0,52.0,0,1,1,2,0,0,12967.279756343702
0,18,1,0,2039,1,1,4.0,20.0,1,2,1,0,0,1,2608.75582173453
0,9,0,2,2799,1,1,2.0,36.0,0,2,2,0,1,0,6961.9807033155
0,12,1,0,1289,1,1,1.0,21.0,0,0,1,1,0,0,5895.0732504626
0,18,1,0,1217,1,1,3.0,47.0,0,0,1,1,0,1,7768.100592014971
0,12,0,0,2246,1,0,3.0,60.0,0,0,2,0,0,1,7961.796794677791
0,12,0,0,385,1,2,3.0,58.0,0,0,4,1,0,0,1789.6750745514105
1,6,1,0,368,0,0,4.0,38.0,0,0,1,0,0,0,2562.9044098559
1,24,2,2,1965,0,1,4.0,42.0,0,2,2,0,0,0,13949.8398634007
2,21,1,3,1572,3,0,4.0,36.0,1,0,1,1,0,0,9867.49962455072
1,24,1,2,2718,1,1,4.0,20.0,0,2,1,1,0,1,11451.1722808363
0,24,4,5,1358,0,0,3.0,40.0,2,0,1,2,0,1,8319.92322386412
1,6,4,2,931,4,4,1.0,32.0,2,0,1,1,0,1,1198.30393592657
0,24,1,2,1442,1,2,4.0,23.0,0,2,2,0,0,1,8679.07663063802
1,24,3,3,4241,1,1,4.0,36.0,0,0,3,1,0,1,7406.7782577034095
2,18,0,2,2775,1,2,2.0,31.0,1,0,2,0,0,1,8250.03070618649
2,24,2,3,3863,1,1,2.0,32.0,0,1,1,0,0,0,5654.47708772663
1,7,1,0,2329,1,4,1.0,45.0,0,0,1,0,0,0,3720.674393522541
1,9,1,0,918,1,1,1.0,30.0,0,0,1,0,0,1,5655.990056111489
1,24,4,1,1837,1,2,4.0,34.0,1,1,1,1,0,1,8177.12006729391
2,36,1,0,3349,1,1,2.0,28.0,0,0,1,2,0,1,18322.5274284187
3,10,1,0,1275,1,4,2.0,23.0,0,0,1,0,0,0,5858.62376650698
0,24,4,0,2828,2,1,4.0,22.0,2,0,1,0,0,0,14178.8216420143
2,24,0,3,4526,1,1,2.0,74.0,0,0,1,2,0,0,19142.5526768928
1,36,1,0,2671,4,1,4.0,50.0,0,1,1,0,0,1,12838.9685764995
2,18,1,0,2051,1,4,1.0,33.0,0,0,1,0,0,0,12317.641602373602
2,15,1,2,1300,0,0,4.0,45.0,1,1,1,0,1,0,9264.53416460955
0,12,1,0,741,4,3,3.0,22.0,0,0,1,0,0,1,4617.80128275136
3,10,1,2,1240,4,0,4.0,48.0,0,1,1,1,1,1,1929.36159572186
0,21,1,0,3357,3,4,2.0,29.0,1,0,1,0,0,0,15167.1330288669
0,24,4,2,3632,1,1,4.0,22.0,1,2,1,0,0,0,5813.62000998331
2,18,2,0,1808,1,2,1.0,22.0,0,0,1,0,0,1,8028.4792139032
1,48,3,3,12204,0,1,2.0,48.0,1,0,1,2,0,0,36380.6920271483
1,60,2,0,9157,0,1,2.0,27.0,0,1,1,2,0,0,23356.8121542831
0,6,0,2,3676,1,1,3.0,37.0,0,2,3,0,1,0,4764.87703133136
1,30,1,0,3441,4,1,4.0,21.0,0,2,1,0,0,1,9762.39553592883
2,12,1,2,640,1,1,2.0,49.0,0,0,1,1,0,0,3098.34225364323
1,21,0,3,3652,1,2,3.0,27.0,0,0,2,0,0,0,7545.444184591509
2,18,0,2,1530,1,1,2.0,32.0,1,0,2,0,0,1,6403.282310275898
2,48,1,3,3914,0,1,2.0,38.0,1,0,1,0,0,1,17535.211099532
0,12,1,0,1858,1,4,1.0,22.0,0,2,1,0,0,0,9416.55363557399
0,18,1,0,2600,1,1,4.0,65.0,0,1,2,0,0,1,17411.156236373798
2,15,1,0,1979,0,0,2.0,35.0,0,0,1,0,0,0,11602.7013135765
3,6,1,0,2116,1,1,2.0,41.0,0,0,1,0,0,0,4871.50466516904
1,9,4,2,1437,4,2,3.0,29.0,0,0,1,0,0,1,4398.271097672029
2,42,0,0,4042,2,1,4.0,36.0,0,0,2,0,0,0,27765.1007533692
2,9,1,1,3832,0,0,4.0,64.0,0,0,1,1,0,0,4648.6665610173495
0,24,1,0,3660,1,1,4.0,28.0,0,0,1,0,0,0,9243.9029828027
0,18,4,0,1553,1,1,3.0,44.0,1,0,1,0,0,1,9143.380224362529
1,15,1,0,1444,0,4,1.0,23.0,0,0,1,0,0,0,7502.168732995329
2,9,1,0,1980,1,4,2.0,19.0,0,2,2,0,0,1,6304.003279878679
1,24,1,2,1355,1,4,4.0,25.0,0,0,1,1,0,1,4807.1997476366905
2,12,1,1,1393,1,0,4.0,47.0,1,0,3,0,1,0,5852.67893722671
2,24,1,0,1376,2,2,1.0,28.0,0,0,1,0,0,0,8029.16922157617
2,60,2,0,15653,1,2,4.0,21.0,0,0,2,0,0,0,42932.4027037788
2,12,1,0,1493,1,4,3.0,34.0,0,0,1,0,1,0,6916.907893099929
0,42,2,0,4370,1,2,2.0,26.0,1,0,2,0,1,1,19645.4979752961
0,18,1,1,750,1,3,1.0,27.0,0,0,1,3,0,1,3446.298298081189
1,15,1,4,1308,1,0,4.0,38.0,0,0,2,1,0,0,8358.949907681359
2,15,1,1,4623,4,1,2.0,40.0,0,0,1,2,0,1,18224.2382872336
2,24,0,0,1851,1,2,2.0,33.0,0,0,2,0,0,0,10273.0627401688
0,18,0,0,1880,1,2,1.0,32.0,0,0,2,2,0,0,8664.69108299555
2,36,2,3,7980,0,4,4.0,27.0,0,2,2,0,0,1,45159.939997401794
0,30,3,0,4583,1,1,2.0,32.0,0,0,2,0,0,0,11446.6682204135
2,12,1,2,1386,2,1,2.0,26.0,0,0,1,0,0,1,4806.83587280969
3,24,1,2,947,1,2,3.0,38.0,1,1,1,0,1,1,4648.48735074825
0,12,1,1,684,1,1,4.0,40.0,0,2,1,1,1,1,2811.36549824381
0,48,1,1,7476,1,2,1.0,50.0,0,1,1,2,0,0,31911.4255890731
1,12,1,0,1922,1,1,2.0,37.0,0,0,1,1,0,1,12805.904661556298
0,24,1,2,2303,1,0,1.0,45.0,0,0,1,0,0,1,15776.1817549972
1,36,2,2,8086,4,0,4.0,42.0,0,0,4,2,0,1,28406.5602188476
2,24,0,2,2346,1,2,3.0,35.0,0,0,2,0,0,0,10411.7523758762
0,14,1,2,3973,1,3,4.0,22.0,0,1,1,0,0,0,4216.98456885481
1,12,1,2,888,1,0,4.0,41.0,1,0,1,1,1,1,4111.3885993487
2,48,1,0,10222,0,2,3.0,37.0,2,0,1,0,0,0,45199.7387180833
1,30,3,3,4221,1,1,1.0,28.0,0,0,2,0,0,0,9824.712991124692
1,18,0,0,6361,1,0,1.0,41.0,0,0,1,0,0,0,19892.8457182527
3,12,1,0,1297,1,1,4.0,23.0,0,2,1,0,0,0,5903.63643513726
0,12,1,2,900,0,1,2.0,23.0,0,0,1,0,0,1,5338.551566402511
2,21,1,0,2241,1,0,2.0,50.0,0,0,2,0,0,0,12547.7041753738
1,6,2,0,1050,1,3,1.0,35.0,2,0,2,2,0,0,5273.874675130271
3,6,0,1,1047,1,1,4.0,50.0,0,0,1,1,0,0,3712.7118701358
2,24,0,5,6314,1,3,2.0,27.0,1,0,2,2,0,0,36665.7010252119
1,30,4,0,3496,3,1,2.0,34.0,2,0,1,0,1,0,21571.895339450803
2,48,4,3,3609,1,1,1.0,27.0,2,0,1,0,0,0,5255.23392716222
0,12,0,2,4843,1,0,4.0,43.0,0,2,2,0,0,1,17236.831792576202
3,30,0,0,3017,1,0,4.0,47.0,0,0,1,0,0,0,12825.0965778368
2,24,0,3,4139,4,1,3.0,27.0,0,0,2,1,0,0,13718.1273302804
2,36,1,3,5742,4,2,2.0,31.0,0,0,2,0,0,0,18315.7603554645
2,60,1,2,10366,1,0,4.0,42.0,0,0,1,2,0,0,32965.6278313104
2,6,0,2,2080,2,1,2.0,24.0,0,0,1,0,0,0,3359.08104281847
2,21,2,3,2580,2,4,2.0,41.0,1,0,1,1,1,1,13980.4052140715
2,30,0,0,4530,1,2,4.0,26.0,0,2,1,2,0,0,27437.4635769158
2,24,0,0,5150,1,0,4.0,33.0,0,0,1,0,0,0,34133.7828576084
1,72,1,0,5595,4,1,2.0,24.0,0,0,1,0,0,1,12922.0238930008
0,24,1,0,2384,1,0,4.0,64.0,1,2,1,1,0,0,15587.2753970895
2,18,1,0,1453,1,4,1.0,26.0,0,0,1,0,0,0,5652.40412335818
2,6,1,1,1538,1,4,2.0,56.0,0,0,1,0,0,0,2689.13256961262
2,12,1,0,2279,0,1,4.0,37.0,0,1,1,0,0,0,16282.5927322544
2,15,2,0,1478,1,1,3.0,33.0,1,0,2,0,0,0,6114.284520370239
2,24,0,0,5103,1,4,3.0,47.0,0,1,3,0,0,0,17198.2542544264
1,36,2,3,9857,4,2,3.0,31.0,0,0,2,1,1,0,17733.1268493773
2,60,1,2,6527,0,1,4.0,34.0,0,1,1,0,1,0,33627.897297379
3,10,0,0,1347,0,2,2.0,27.0,0,0,2,0,0,0,5848.86311017612
1,36,2,2,2862,4,0,3.0,30.0,0,1,1,0,0,0,17645.3949106425
2,9,1,0,2753,4,0,4.0,35.0,0,0,1,0,0,0,12096.7723233122
0,12,1,2,3651,3,1,3.0,31.0,0,0,1,0,1,0,3971.3676002747
0,15,0,0,975,1,1,3.0,25.0,0,0,2,0,0,0,2989.3061733525
1,15,1,4,2631,4,1,2.0,25.0,0,0,1,1,0,0,13103.4658371645
1,24,1,0,2896,4,4,1.0,29.0,0,0,1,0,0,0,8723.928112754471
0,6,0,2,4716,0,4,3.0,44.0,0,0,2,1,1,0,5156.08457419662
2,24,1,0,2284,1,2,2.0,28.0,0,0,1,0,0,0,12851.61692841
2,6,1,2,1236,2,1,4.0,50.0,0,2,1,0,0,0,3599.5509425193
1,12,1,0,1103,1,2,3.0,29.0,0,0,2,0,0,0,7550.572702768
2,12,0,2,926,1,3,2.0,38.0,0,0,1,3,0,0,947.169863161965
2,18,0,0,1800,1,1,2.0,24.0,0,0,2,0,0,0,8908.91298745646
3,15,1,1,1905,1,0,4.0,40.0,0,2,1,2,0,0,12261.3718912348
0,15,0,0,975,1,1,3.0,25.0,0,0,2,0,0,0,2740.44332009622
2,12,1,0,1123,2,1,4.0,29.0,0,2,1,1,0,1,5112.25666608149
0,48,0,2,6331,1,0,4.0,46.0,0,1,2,0,0,1,27215.6340852806
3,24,1,0,1377,4,0,2.0,47.0,0,1,1,0,0,0,7451.355284633441
1,30,2,3,2503,4,0,2.0,41.0,2,0,2,0,0,0,12555.6433062358
1,27,1,3,2528,1,4,1.0,32.0,0,0,1,0,1,0,13510.6007448437
2,15,1,2,5324,2,0,4.0,35.0,0,1,1,0,0,0,6981.29968088935
1,48,1,2,6560,4,2,2.0,24.0,0,0,1,0,0,1,35300.6046626417
1,12,3,0,2969,1,4,3.0,25.0,0,2,2,0,0,1,15884.1659426792
1,9,1,0,1206,1,0,4.0,25.0,0,0,1,0,0,0,7715.70452341524
0,15,0,0,975,1,1,3.0,25.0,0,0,2,0,0,0,2685.5972155467803
1,9,1,0,2118,1,1,2.0,37.0,0,0,1,1,1,0,6438.09665689099
2,18,0,0,629,2,0,3.0,32.0,1,0,2,2,0,0,4122.30794871352
0,6,4,1,1198,1,0,4.0,35.0,0,1,1,0,0,1,5849.532768841321
2,21,1,2,2476,0,0,4.0,46.0,0,0,1,2,0,0,15637.4633102783
0,9,0,0,1138,1,1,4.0,25.0,0,0,2,1,0,0,8077.319413261179
1,60,1,2,14027,1,2,2.0,27.0,0,0,1,2,0,1,64666.285419168205
2,30,0,2,7596,0,0,4.0,63.0,0,0,2,0,0,0,10615.1624493631
2,30,0,0,3077,0,0,2.0,40.0,0,0,2,0,1,0,10146.9927216558
2,18,1,0,1505,1,1,2.0,32.0,0,1,1,2,0,0,7830.62653471021
0,15,0,0,975,1,1,3.0,25.0,0,0,2,0,0,0,3196.6414730970696
3,24,0,0,3148,0,1,2.0,31.0,0,0,2,0,0,0,16946.706953343302
1,20,3,2,6148,4,0,4.0,31.0,1,0,2,0,0,0,25591.1734657713
3,9,3,0,1337,1,4,2.0,34.0,0,0,2,2,0,1,9257.68418274968
1,6,4,1,433,3,4,2.0,24.0,1,2,1,0,1,1,1744.4412029244595
0,12,1,2,1228,1,1,2.0,24.0,0,0,1,1,0,1,8570.281423732471
1,9,1,0,790,2,1,3.0,66.0,0,0,1,1,0,0,3791.846414976271
2,27,1,2,2570,1,1,3.0,21.0,0,2,1,0,0,1,8410.019011218921
2,6,0,2,250,3,1,2.0,41.0,1,0,2,1,0,0,734.476054264911
2,15,0,0,1316,2,1,2.0,47.0,0,0,2,1,0,0,4017.030487019721
0,15,0,0,975,1,1,3.0,25.0,0,0,2,0,0,0,3090.7786398861
0,18,1,0,1882,1,1,4.0,25.0,1,2,2,0,0,1,7585.03386020893
1,48,4,3,6416,1,0,3.0,59.0,0,2,1,0,0,1,42773.6807281288
3,24,0,3,1275,3,1,4.0,36.0,0,0,2,0,0,0,3213.44572772825
1,24,2,0,6403,1,4,2.0,33.0,0,0,1,0,0,0,7235.25602867517
0,24,1,0,1987,1,1,4.0,21.0,0,2,1,1,1,1,5272.04930420953
1,8,1,0,760,1,2,2.0,44.0,0,0,1,1,0,0,5196.40695935241
2,24,1,2,2603,3,1,4.0,28.0,0,2,1,0,0,0,6319.54504537401
2,4,0,2,3380,1,2,1.0,37.0,0,0,1,0,1,0,4654.38037092937
1,36,4,0,3990,0,4,2.0,29.0,1,0,1,3,0,0,21340.2669067756
1,24,1,2,11560,1,1,4.0,23.0,0,2,2,2,0,1,13181.088609424
0,15,0,0,975,1,1,3.0,25.0,0,0,2,0,0,0,2707.67899184582
0,18,1,2,4380,4,1,4.0,35.0,0,0,1,1,1,0,19710.4511262199
2,6,0,2,6761,1,2,3.0,45.0,0,0,2,2,1,0,7112.60247352542
1,30,3,3,4280,4,1,4.0,26.0,0,2,2,1,0,1,27900.2288782494
0,24,4,2,2325,4,2,3.0,32.0,1,0,1,0,0,0,6172.258377074089
1,10,4,0,1048,1,1,4.0,23.0,2,0,1,1,0,0,4998.01713446502
2,21,1,0,3160,0,0,3.0,41.0,0,0,1,0,0,0,21159.257688314097
0,24,4,0,2483,2,1,4.0,22.0,2,0,1,0,0,0,14538.0012079434
0,39,0,0,14179,0,2,4.0,30.0,0,0,2,2,0,0,73359.4322138298
0,13,0,3,1797,1,4,1.0,28.0,1,0,2,1,0,0,9680.186717514993
0,15,1,2,2511,1,3,4.0,23.0,0,2,1,0,0,0,3235.57509336714
0,12,1,2,1274,1,4,1.0,37.0,0,0,1,1,0,1,6737.683759486739
2,21,1,2,5248,0,1,3.0,26.0,0,0,1,0,0,0,5931.340081105
2,15,1,2,3029,1,2,2.0,33.0,0,0,1,0,0,0,6539.88824149543
0,6,1,0,428,1,0,1.0,49.0,1,0,1,0,0,0,1364.02375733936
0,18,1,2,976,1,4,2.0,23.0,0,0,1,1,0,1,1062.83165412026
1,12,1,3,841,4,2,4.0,23.0,0,2,1,1,0,0,2567.60686306769
2,30,0,0,5771,1,2,2.0,25.0,0,0,2,0,0,0,40718.234729257405
2,12,2,4,1555,3,0,4.0,55.0,0,1,2,0,1,1,8627.8202526733
0,24,1,2,1285,0,2,4.0,32.0,0,2,1,0,0,1,9236.78206826795
3,6,0,2,1299,1,1,1.0,74.0,0,0,3,3,1,0,1801.3390791051502
3,15,0,0,1271,0,1,4.0,39.0,0,1,2,0,0,1,4617.80258760409
2,24,1,2,1393,1,1,2.0,31.0,0,0,1,0,0,0,4244.45891925605
0,12,0,2,691,1,0,3.0,35.0,0,0,2,0,0,1,4147.54901684503
2,15,0,2,5045,0,0,4.0,59.0,0,0,1,0,0,0,7761.477843012321
0,18,0,0,2124,1,1,4.0,24.0,0,2,2,0,0,1,13661.5007914503
0,12,1,0,2214,1,1,3.0,24.0,0,0,1,1,0,0,15340.4571122322
2,21,0,2,12680,0,0,4.0,30.0,0,1,1,2,0,1,72547.566526817
2,24,0,2,2463,4,2,3.0,27.0,0,0,2,0,0,0,13337.4142947556
1,12,1,0,1155,1,0,3.0,40.0,1,0,2,1,0,0,3513.49843793493
0,30,1,0,3108,1,4,4.0,31.0,0,0,1,1,0,1,7559.390806897421
2,10,1,2,2901,0,4,4.0,31.0,0,2,1,0,0,0,4595.84256142877
1,12,0,0,3617,1,0,4.0,28.0,0,2,3,0,0,0,4755.48671304603
2,12,0,0,1655,1,0,4.0,63.0,0,0,2,1,0,0,5210.13370759134
0,24,1,2,2812,0,0,4.0,26.0,0,2,1,0,0,0,7647.43808373453
0,36,0,1,8065,1,1,2.0,25.0,0,0,2,2,0,1,28423.5072103963
2,21,0,2,3275,1,0,4.0,36.0,0,0,1,2,0,0,3466.78619242497
2,24,0,0,2223,4,0,4.0,52.0,1,0,2,0,0,0,14974.2353618579
3,12,0,2,1480,2,3,4.0,66.0,1,1,3,3,0,0,4737.4671409086495
0,24,1,2,1371,0,1,4.0,25.0,0,2,1,0,0,1,9782.39568114555
2,36,0,2,3535,1,2,4.0,37.0,0,0,2,0,0,0,19827.216442721103
0,18,1,0,3509,1,2,1.0,25.0,0,0,1,0,0,0,15668.263734285703
2,36,0,2,5711,3,0,2.0,38.0,0,0,2,2,0,0,35756.3783195584
1,18,1,4,3872,1,3,4.0,67.0,0,0,1,0,0,0,8232.591329027671
1,39,0,0,4933,1,2,2.0,25.0,0,0,2,0,0,1,14576.4333870977
2,24,0,2,1940,3,0,4.0,60.0,0,0,1,0,0,0,11194.362727521202
1,12,3,1,1410,1,1,2.0,31.0,0,0,1,1,0,0,3884.506494021429
1,12,1,2,836,4,4,2.0,23.0,1,0,1,1,0,1,5017.97577176735
1,20,1,2,6468,0,3,4.0,60.0,0,0,1,2,0,0,8606.3888661033
1,18,1,3,1941,3,1,2.0,35.0,0,0,1,1,0,0,13708.2794848306
2,22,1,0,2675,2,0,4.0,40.0,0,0,1,0,0,0,14342.8174659531
2,48,0,2,2751,0,0,3.0,38.0,0,0,2,0,1,0,14088.2622456606
1,48,2,1,6224,1,0,4.0,50.0,0,1,1,0,0,1,31673.999801576407
0,40,0,1,5998,1,1,3.0,27.0,1,0,1,0,0,1,39169.124439918
1,21,1,3,1188,1,0,4.0,39.0,0,0,1,0,1,1,4251.34622580774
2,24,1,2,6313,0,0,4.0,41.0,0,0,1,2,1,0,30427.6998794879
2,6,0,0,1221,0,1,2.0,27.0,0,0,2,0,0,0,1719.41357936233
3,24,1,0,2892,1,0,4.0,51.0,0,1,1,0,0,0,9144.76944571606
2,24,1,0,3062,2,0,3.0,32.0,0,2,1,0,0,0,18238.0566711235
2,9,1,0,2301,4,4,4.0,22.0,0,2,1,0,0,0,7574.22957475049
0,18,1,2,7511,0,0,4.0,51.0,0,1,1,0,1,1,7653.29376304501
2,12,0,0,1258,1,4,4.0,22.0,0,2,2,1,0,0,2921.9340856975896
2,24,2,2,717,0,0,4.0,54.0,0,0,2,0,0,0,4201.125552609679
1,9,1,2,1549,0,4,2.0,35.0,0,0,1,3,0,0,9981.83123201532
2,24,0,1,1597,1,0,4.0,54.0,0,1,2,0,1,0,10670.161059151
1,18,0,0,1795,1,0,4.0,48.0,1,2,2,1,0,0,7161.569804198392
0,20,0,0,4272,1,0,4.0,24.0,0,0,2,0,0,0,6371.29650881583
2,12,0,0,976,0,0,4.0,35.0,0,0,2,0,0,0,5475.9967773854
1,12,1,2,7472,0,3,2.0,24.0,0,2,1,3,0,0,8465.74137600777
0,36,1,2,9271,1,2,1.0,24.0,0,0,1,0,0,1,22950.3497036752
1,6,1,0,590,1,4,3.0,26.0,0,0,1,1,0,0,2726.42930352078
2,12,0,0,930,0,0,4.0,65.0,0,0,4,0,0,0,6546.863673103791
1,42,4,2,9283,1,3,2.0,55.0,1,1,1,2,0,0,10193.8680431982
1,15,3,2,1778,1,4,1.0,26.0,0,2,2,3,0,1,5871.70950729006
1,6,1,0,484,1,2,3.0,28.0,1,0,1,1,0,0,2534.21253220934
0,36,0,2,9629,1,2,4.0,24.0,0,0,2,0,0,1,60223.6425430523
0,48,1,0,3051,1,1,4.0,54.0,0,0,1,0,0,1,14545.1637255981
0,48,1,2,3931,1,2,4.0,46.0,0,1,1,0,1,1,27560.9899193446
1,36,2,2,7432,1,1,2.0,54.0,0,2,1,0,0,0,20248.7011339926
2,6,1,0,1338,2,1,4.0,62.0,0,0,1,0,0,0,2320.14184878457
2,6,0,0,1554,1,2,2.0,24.0,0,2,2,0,0,0,1589.9662091262396
0,36,1,5,15857,1,3,3.0,43.0,0,0,1,2,0,0,36240.9538481081
0,18,1,0,1345,1,1,3.0,26.0,1,0,1,0,0,1,8196.70653088698
2,12,1,2,1101,1,1,2.0,27.0,0,0,2,0,0,0,3952.6401004985496
3,12,1,0,3016,1,1,1.0,24.0,0,0,1,0,0,0,12364.5224095088
0,36,1,0,2712,1,0,2.0,41.0,1,0,1,0,1,1,6604.727048419089
0,8,0,2,731,1,0,4.0,47.0,0,0,2,1,0,0,4486.42418114526
2,18,0,0,3780,1,4,2.0,35.0,0,0,2,2,0,0,18750.6279629322
0,21,0,2,1602,1,0,3.0,30.0,0,0,2,0,0,0,10837.2809525737
0,18,0,2,3966,1,0,4.0,33.0,1,2,3,0,0,1,4666.7405059421
2,18,3,3,4165,1,1,2.0,36.0,2,0,2,0,1,1,14947.2012148251
0,36,1,2,8335,0,0,4.0,47.0,0,1,1,0,0,1,31654.5139836462
1,48,2,3,6681,0,1,4.0,38.0,0,1,1,0,1,0,27184.043270814705
2,24,2,3,2375,2,1,2.0,44.0,0,0,2,0,1,0,12123.9151478908
0,18,1,2,1216,1,4,3.0,23.0,0,2,1,0,0,1,8376.49068926708
0,45,3,3,11816,1,0,4.0,29.0,0,2,2,0,0,1,25036.5679602941
1,24,1,0,5084,0,0,4.0,42.0,0,0,1,0,0,0,16107.370476708602
3,15,1,0,2327,1,4,3.0,25.0,0,0,1,1,0,1,7411.646943340659
0,12,3,2,1082,1,1,4.0,48.0,1,0,2,0,0,1,6457.4282750002685
2,12,1,0,886,0,1,2.0,21.0,0,0,1,0,0,0,3752.33534931919
0,24,0,2,2957,1,0,4.0,63.0,0,0,2,0,0,0,20589.806286984294
2,24,0,0,2611,1,0,3.0,46.0,0,0,2,0,0,0,11682.4202081718
0,36,1,0,5179,1,2,2.0,29.0,0,0,1,0,0,1,26387.024208849703
2,21,2,2,2993,1,1,2.0,28.0,2,0,2,1,0,0,12231.0144037945
2,24,4,3,1559,1,2,4.0,50.0,1,0,1,0,0,0,7169.44141192537
2,18,1,0,3422,1,0,4.0,47.0,1,0,3,0,1,0,16831.895512482
1,21,1,0,3976,0,2,3.0,35.0,0,0,1,0,0,0,8854.93032556315
2,18,1,2,6761,0,1,4.0,68.0,0,2,2,0,0,1,18629.6313720707
2,24,1,2,1249,1,4,2.0,28.0,0,0,1,0,0,0,5706.47229650538
0,9,1,0,1364,1,2,4.0,59.0,0,0,1,0,0,0,6300.315310313679
0,12,1,0,709,1,0,4.0,57.0,2,0,1,1,0,1,3936.0609555972296
0,20,0,2,2235,1,1,2.0,33.0,1,2,2,0,0,1,15076.7780284347
2,24,0,2,4042,0,2,4.0,43.0,0,0,2,0,0,0,12834.7693273052
2,15,0,0,1471,1,1,4.0,35.0,0,1,2,0,0,0,6160.4892622523
0,18,4,2,1442,1,2,4.0,32.0,0,1,2,1,1,1,6365.95694009801
2,36,2,2,10875,1,0,2.0,45.0,0,0,2,0,1,0,34650.2036453963
2,24,1,2,1474,4,4,3.0,33.0,0,0,1,0,0,0,6784.3805844286
2,10,1,1,894,0,2,3.0,40.0,0,0,1,0,0,0,3648.8007173592896
2,15,0,0,3343,1,1,2.0,28.0,0,1,1,0,0,0,23523.3034709338
0,15,1,2,3959,1,1,2.0,29.0,0,0,1,0,0,1,14948.895394511
2,9,1,2,3577,4,1,2.0,26.0,0,2,1,0,1,0,4802.35080788996
2,24,0,2,5804,3,1,2.0,27.0,0,0,2,0,0,0,36141.68763986141
2,18,2,3,2169,1,1,2.0,28.0,0,0,1,0,0,1,8790.32810065505
0,24,1,0,2439,1,4,4.0,35.0,0,0,1,0,0,1,12018.5917819618
2,27,0,0,4526,3,4,2.0,32.0,2,0,2,1,1,0,26288.6740504726
2,10,1,0,2210,1,1,2.0,25.0,1,2,1,1,0,1,5692.93122427407
2,15,1,0,2221,2,1,4.0,20.0,0,2,1,0,0,0,6579.05428811634
0,18,1,0,2389,1,4,1.0,27.0,2,0,1,0,0,0,11061.585142743
2,12,0,0,3331,1,0,4.0,42.0,2,0,1,0,0,0,9637.14545505187
2,36,1,3,7409,0,0,2.0,37.0,0,0,2,0,0,0,27486.4797912859
0,12,1,0,652,1,0,4.0,24.0,0,2,1,0,0,0,3866.31909276262
2,36,2,0,7678,2,2,4.0,40.0,0,0,2,0,0,0,17544.0316490593
3,6,0,2,1343,1,0,4.0,46.0,0,0,2,0,1,0,1788.49966866429
0,24,0,3,1382,4,2,1.0,26.0,0,0,2,0,0,0,7702.34811107075
2,15,1,0,874,0,4,1.0,24.0,0,0,1,0,0,0,6268.675906791271
0,12,1,0,3590,1,1,2.0,29.0,0,0,1,1,1,0,7754.28822919189
1,11,0,2,1322,3,1,4.0,40.0,0,0,2,0,0,0,8317.59549815272
0,18,4,0,1940,1,4,4.0,36.0,1,1,1,2,0,0,8377.60913457996
2,36,1,0,3595,1,0,2.0,28.0,0,0,1,0,0,0,14465.1312228012
0,9,1,2,1422,1,4,2.0,27.0,0,1,1,2,0,1,6026.377347978921
2,30,0,0,6742,0,2,3.0,36.0,0,0,2,0,0,0,16463.9508081367
2,24,1,2,7814,1,2,3.0,38.0,0,0,1,2,0,0,25899.0188821285
2,24,1,2,9277,0,1,4.0,48.0,0,1,1,0,0,0,25269.716122284302
1,30,0,2,2181,0,0,4.0,36.0,0,0,2,0,0,0,11207.2096314078
2,18,0,0,1098,1,3,4.0,65.0,0,0,2,3,0,0,6927.47094055209
1,24,1,0,4057,1,2,3.0,43.0,0,0,1,0,0,1,18286.1640355146
0,12,1,1,795,1,4,4.0,53.0,0,0,1,0,0,1,5631.87824032973
1,24,0,3,2825,0,2,3.0,34.0,0,0,2,0,1,0,16616.7950000267
1,48,1,3,15672,1,1,2.0,23.0,0,0,1,0,0,1,41144.8397784766
2,36,0,2,6614,1,0,4.0,34.0,0,0,2,2,0,0,27120.5987730427
2,28,4,2,7824,0,4,4.0,40.0,1,2,2,0,1,0,41456.965559576296
0,27,0,3,2442,1,0,4.0,43.0,2,0,4,2,1,0,11627.0540103716
2,15,0,0,1829,1,0,4.0,46.0,0,0,2,0,0,0,9262.39392952937
0,12,0,2,2171,1,1,4.0,38.0,1,0,2,1,0,0,14530.9868978637
1,36,0,2,5800,1,1,4.0,34.0,0,0,2,0,0,0,29851.9242087337
2,18,0,0,1169,0,1,3.0,29.0,0,0,2,0,0,0,6601.03801906179
2,36,2,2,8947,0,2,2.0,31.0,2,0,1,2,1,0,27267.323515865897
0,21,1,0,2606,1,4,4.0,28.0,0,2,1,2,0,0,15559.5906856623
2,12,0,0,1592,3,2,2.0,35.0,0,0,1,0,0,0,7628.48175002303
2,15,1,0,2186,0,2,4.0,33.0,1,2,1,1,0,0,2197.1446104537804
0,18,1,0,4153,1,1,3.0,42.0,0,0,1,0,0,1,14569.1531682644
0,16,0,2,2625,1,0,4.0,43.0,1,2,1,0,0,1,8091.139486466991
2,20,0,2,3485,0,4,4.0,44.0,0,0,2,0,0,0,7175.78116685853
2,36,0,2,10477,0,0,4.0,42.0,0,1,2,0,0,0,35666.176431449705
2,15,1,0,1386,0,1,2.0,40.0,0,2,1,0,0,0,8955.28042824242
2,24,1,0,1278,1,0,1.0,36.0,0,0,1,2,0,0,8673.18728609388
0,12,1,0,1107,1,1,2.0,20.0,0,2,1,2,1,0,3372.126346917561
0,21,1,2,3763,0,2,2.0,24.0,0,0,1,1,0,0,11949.319648415802
1,36,1,1,3711,0,1,2.0,27.0,0,0,1,0,0,0,7627.071998204141
2,15,2,2,3594,1,4,2.0,46.0,0,0,2,1,0,0,3661.18138591026
1,9,1,2,3195,0,1,2.0,33.0,0,0,1,1,0,0,4548.82373721234
2,36,2,0,4454,1,1,4.0,34.0,0,0,2,0,0,0,31356.0542346011
1,24,0,0,4736,1,4,4.0,25.0,1,0,1,1,0,1,11432.6268725738
1,30,1,0,2991,0,0,4.0,25.0,0,0,1,0,0,0,6924.4841959928
2,11,1,3,2142,3,0,2.0,28.0,0,0,1,0,0,0,2177.72796830611
0,24,4,3,3161,1,1,2.0,31.0,0,2,1,0,0,1,18566.1058112381
1,48,3,5,18424,1,1,2.0,32.0,1,0,1,2,0,1,19807.3793055506
2,10,1,2,2848,4,1,2.0,32.0,0,0,1,0,1,0,4962.451873856021
0,6,1,2,14896,1,0,4.0,68.0,1,0,1,2,0,1,15856.1335833205
0,24,1,0,2359,4,3,1.0,33.0,0,0,1,0,0,1,4220.01119136405
0,24,1,0,3345,1,0,2.0,39.0,0,2,1,2,0,1,20330.9175461823
2,18,0,0,1817,1,1,2.0,28.0,0,0,2,0,0,0,11938.723709714
2,48,2,0,12749,2,2,1.0,37.0,0,0,1,2,0,0,52898.1991599829
0,9,1,0,1366,1,4,4.0,22.0,0,2,1,0,0,1,4869.4491469021095
1,12,1,2,2002,1,2,4.0,30.0,0,2,1,0,1,0,8118.462174929499
0,24,4,0,6872,1,4,1.0,55.0,1,0,1,0,0,1,22959.3034647766
0,12,4,2,697,1,4,2.0,46.0,1,0,2,0,0,1,2873.00566133278
0,18,0,0,1049,1,4,4.0,21.0,0,2,1,0,0,0,5353.7956396596
0,48,1,2,10297,1,2,4.0,39.0,2,1,3,0,1,1,43677.1541517503
2,30,1,0,1867,0,0,4.0,58.0,0,0,1,0,0,0,9691.67468703153
0,12,2,2,1344,1,1,2.0,43.0,0,0,2,1,1,0,7534.97260019207
0,24,1,0,1747,1,4,1.0,24.0,0,0,1,1,0,0,10024.0137412992
1,9,1,0,1670,1,4,2.0,22.0,0,0,1,0,0,1,10748.7838269875
2,9,0,2,1224,1,1,1.0,30.0,0,0,2,0,0,0,4052.33115103836
2,12,0,0,522,2,0,4.0,42.0,0,0,2,0,1,0,2775.86763566245
0,12,1,0,1498,1,1,1.0,23.0,1,0,1,0,0,0,9223.02013762124
1,30,2,0,1919,4,4,3.0,30.0,2,0,2,2,0,1,8987.63058913683
3,9,1,0,745,1,1,2.0,28.0,0,0,1,1,0,1,2744.10802765357
1,6,1,0,2063,1,4,3.0,30.0,0,2,1,2,0,0,14690.9556759616
1,60,1,1,6288,1,1,4.0,42.0,0,1,1,0,0,1,41111.5988947321
2,24,0,2,6842,0,1,4.0,46.0,0,0,2,2,1,0,13887.0987846517
2,12,1,2,3527,0,4,3.0,45.0,0,0,1,2,1,0,9820.94456078415
2,10,1,2,1546,1,1,2.0,31.0,0,0,1,1,1,0,7584.46559388229
2,24,1,0,929,0,2,2.0,31.0,2,0,1,0,0,0,5055.362666732511
2,4,0,2,1455,1,2,1.0,42.0,0,0,3,1,1,0,4801.4774679852
0,15,1,0,1845,1,4,1.0,46.0,0,2,1,0,0,0,11579.9002221796
1,48,3,2,8358,2,4,1.0,30.0,0,0,2,0,0,0,13247.4036780788
0,24,4,0,3349,2,4,4.0,30.0,0,1,1,0,1,1,19045.142975265902
2,12,1,2,2859,0,3,4.0,38.0,0,0,1,2,0,0,16532.7702886504
2,18,1,0,1533,1,4,1.0,43.0,0,0,1,1,1,1,7397.337608478341
2,24,1,0,3621,4,0,4.0,31.0,0,0,2,0,0,1,10800.2739193784
1,18,0,3,3590,1,3,3.0,40.0,0,0,3,3,1,0,17463.9053637935
0,36,2,3,2145,1,2,1.0,24.0,0,0,2,0,0,1,5736.53951856542
1,24,1,2,4113,2,4,4.0,28.0,0,2,1,0,0,1,20448.2286486423
2,36,1,0,10974,1,3,2.0,26.0,0,0,2,2,0,1,45204.6290939564
0,12,1,2,1893,1,1,4.0,29.0,0,0,1,0,0,0,11879.6564370905
0,24,0,0,1231,3,0,4.0,57.0,0,2,2,2,0,0,8615.58289613935
3,30,0,0,3656,0,0,4.0,49.0,2,0,2,1,0,0,15329.4393770567
1,9,0,0,1154,1,0,4.0,37.0,0,0,3,1,0,0,3735.95438517038
0,28,1,2,4006,1,1,2.0,45.0,0,0,1,1,0,1,14847.3549493405
1,24,1,0,3069,4,0,4.0,30.0,0,1,1,0,0,0,15893.4658568402
2,6,0,0,1740,1,0,2.0,30.0,0,2,2,0,0,0,5056.08815266998
1,21,2,2,2353,1,1,4.0,47.0,0,0,2,0,0,0,4101.97375882116
2,15,1,2,3556,0,1,2.0,29.0,0,0,1,0,0,0,18424.3434635079
2,24,1,0,2397,2,0,2.0,35.0,1,0,2,0,0,1,10120.1960024141
1,6,1,4,454,1,4,1.0,22.0,0,0,1,1,0,0,1729.27048973536
1,30,1,0,1715,0,1,1.0,26.0,0,0,1,0,0,0,10321.0288418152
1,27,0,0,2520,2,1,2.0,23.0,0,0,2,1,0,1,16857.3552688812
2,15,1,0,3568,1,0,2.0,54.0,1,2,1,2,0,0,22186.06410936189
2,42,1,0,7166,0,2,4.0,29.0,0,2,1,0,0,0,23474.8816426584
0,11,0,2,3939,1,1,2.0,40.0,0,0,2,1,1,0,6488.985873748579
1,15,1,4,1514,4,1,2.0,22.0,0,0,1,0,0,0,9765.73467036406
2,24,1,2,7393,1,1,4.0,43.0,0,0,1,1,1,0,11383.516900281002
0,24,4,2,1193,1,3,4.0,29.0,0,2,2,3,0,1,1712.0336592402698
0,60,1,3,7297,1,0,4.0,36.0,0,2,1,0,0,1,52244.5941873758
2,30,0,0,2831,1,1,2.0,33.0,0,0,1,0,0,0,19287.6068735031
3,24,1,0,1258,2,1,3.0,57.0,0,0,1,1,0,0,4373.37644485019
1,6,1,0,753,1,1,3.0,64.0,0,0,1,0,0,0,2361.18820076481
1,18,2,3,2427,0,0,2.0,42.0,0,0,2,0,0,0,11704.0422259541
2,24,2,2,2538,1,0,4.0,47.0,0,0,2,1,1,1,10456.541581792
1,15,4,2,1264,4,1,2.0,25.0,0,2,1,0,0,1,3802.5054156586298
1,30,0,0,8386,1,2,2.0,49.0,0,0,1,0,0,1,20651.195881236297
2,48,1,3,4844,1,3,2.0,33.0,1,2,1,2,0,1,16298.4169055541
3,21,1,2,2923,4,1,1.0,28.0,1,0,1,2,0,0,3503.50848897072
0,36,1,2,8229,1,1,2.0,26.0,0,0,1,0,1,1,19212.9712571491
2,24,0,0,2028,1,2,2.0,30.0,0,0,2,1,0,0,6973.944462679089
0,15,0,0,1433,1,1,3.0,25.0,0,2,2,0,0,0,9005.229798102779
3,42,3,3,6289,1,4,1.0,33.0,0,0,2,0,0,0,18244.9074518297
2,13,1,0,1409,4,3,4.0,64.0,0,0,1,0,0,0,3849.60641375032
0,24,1,2,6579,1,3,2.0,29.0,0,1,1,2,0,0,33246.9064921413
1,24,0,0,1743,1,0,2.0,48.0,0,0,2,1,0,0,11389.0831201438
2,12,0,1,3565,0,4,1.0,37.0,0,0,2,1,1,0,9940.581912468158
2,15,4,0,1569,4,0,4.0,34.0,1,0,1,1,1,0,7257.9734734628
0,18,1,0,1936,0,2,4.0,23.0,0,2,2,1,0,0,4140.683131948739
0,36,1,0,3959,1,3,3.0,30.0,0,0,1,2,0,0,18894.6954325372
2,12,1,2,2390,0,0,3.0,50.0,0,0,1,0,0,0,14848.205847341202
0,30,1,2,3857,1,1,4.0,40.0,0,0,1,2,0,0,24410.172519884
2,12,1,0,804,1,0,4.0,38.0,0,0,1,0,0,0,5285.991297740839
0,45,1,0,1845,1,1,4.0,23.0,0,1,1,0,0,1,8408.00731091677
1,45,0,2,4576,4,3,4.0,27.0,0,0,1,0,0,0,16938.1704254719
2,48,1,2,14576,4,3,4.0,27.0,0,0,1,1,0,0,56952.1623388445
2,45,0,2,4576,4,3,4.0,27.0,0,0,1,0,0,0,17281.9728298931
1,45,0,2,4576,4,3,4.0,27.0,0,0,1,0,0,0,23544.3891525661
2,15,0,2,5045,0,0,4.0,59.0,0,0,1,0,0,0,6247.90341599548
1,15,4,2,1234,4,1,2.0,25.0,0,2,1,0,0,1,3702.6081638914
1,35,1,2,1734,4,1,2.0,25.0,0,0,1,0,0,1,9141.31488023649
